seller,avg_del_days,avg_est_del_days,upt,freight_value,review_score,avg_resp_days,sales_range
S1,20,28,1.6,37.76,3.35,3,4
S2,12,26,1.06,41.18,4.28,3,4
S3,14,23,1.15,17.61,3.8,2,4
S4,14,22,1.16,21.84,4.1,3,4
S5,8,19,1.11,13.97,4.3,2,4
S6,13,23,1.04,15.44,4.09,2,3
S7,11,27,1.13,16.77,3.97,2,4
S8,11,23,1.07,27.78,4.27,2,4
S9,11,20,1,16.14,4.36,3,3
S10,16,24,1,22.82,4.2,2,3
S11,13,24,1.58,28.41,3.74,2,4
S12,13,22,1.06,14.56,3.97,2,4
S13,14,25,1.03,26.05,4.4,3,4
S14,13,26,1.23,36.99,3.94,2,4
S15,12,21,1.06,16.26,4.09,2,4
S16,9,19,1.17,13.53,4.19,2,4
S17,13,22,1.06,13.78,3.96,2,3
S18,10,25,1.17,21.29,4.36,2,4
S19,15,25,1.5,18.2,3.98,3,4
S20,13,25,1.13,17.74,4.16,2,4
S21,9,22,1.09,13.4,4.14,3,4
S22,9,20,1.11,13.71,3.93,2,4
S23,14,26,1.41,15.11,3.62,2,4
S24,9,25,1,18.28,4.13,3,1
S25,11,24,1.05,14.46,4.14,2,4
S26,10,21,1.37,13.79,4.23,2,4
S27,12,22,1.42,15.36,3.84,2,4
S28,11,22,1.12,13.3,4.43,2,4
S29,10,16,2.14,15.93,4.71,2,2
S30,11,22,1.22,16.09,4.07,2,4
S31,11,25,1.1,17.9,4.29,2,4
S32,13,25,1.08,19.54,4.13,2,4
S33,13,27,1.25,17.28,3.84,2,4
S34,23,27,1.05,22.83,3.7,2,4
S35,13,25,1.63,19.59,3.92,3,4
S36,15,27,1.06,25.75,3.88,2,4
S37,9,21,1,18.56,4.56,2,3
S38,12,22,1.61,23.71,3.85,2,4
S39,12,27,1.18,25.6,4.16,2,4
S40,11,22,1.01,18.61,4.35,2,4
S41,9,20,1.12,14.52,4.18,2,3
S42,11,21,1,13.45,4.27,2,3
S43,8,22,1.12,18.33,4.04,3,4
S44,8,20,2.89,12.52,3.9,4,3
S45,17,28,1.04,30.09,3.98,2,4
S46,8,20,1.35,12.86,4.06,2,4
S47,15,26,1.04,14.88,4.01,2,4
S48,15,30,1.27,16.89,3.94,2,4
S49,10,20,1.12,14.01,3.57,2,4
S50,11,22,1.04,20.63,4.45,2,4
S51,7,19,1.85,12.74,2.77,1,1
S52,13,23,1.18,19.94,3.98,2,4
S53,14,23,1.11,17.98,4.18,2,4
S54,11,20,1.12,12.07,4.31,1,4
S55,15,26,1.03,17.48,4.19,2,4
S56,13,23,1.01,17.13,4.36,2,4
S57,13,24,1.08,24.4,4.37,2,4
S58,12,21,1.41,12.68,3.74,2,4
S59,12,23,1.53,19.95,4.13,3,3
S60,6,12,1,17.27,4.11,1,4
S61,6,18,1.12,14.83,4.68,1,2
S62,12,29,1.13,22.99,3.97,3,4
S63,19,23,1.13,15.18,3.54,3,3
S64,13,24,1.17,15.63,4.34,3,3
S65,11,22,1.1,14.11,3.91,2,4
S66,12,21,1.11,18.84,4.23,2,4
S67,10,20,1.23,16.82,4.08,2,4
S68,14,22,1.19,13.31,3.85,2,4
S69,9,19,1.11,14.57,4.21,2,4
S70,12,29,1.24,19.97,4.76,3,3
S71,11,21,1.17,18.09,3.8,3,4
S72,11,23,1.06,21.7,4.23,2,4
S73,14,25,1.04,20.59,3.8,2,4
S74,15,24,1.33,17.76,3.79,2,4
S75,16,24,1.21,47.22,4.43,2,3
S76,11,19,1.08,11.54,3.76,2,3
S77,13,27,1.05,20.09,4,1,4
S78,17,24,1,52.76,3.26,2,3
S79,11,22,1.02,17.83,4.25,2,4
S80,12,21,1.19,13.8,4.18,2,4
S81,15,26,1.15,64.52,3.9,2,4
S82,15,24,1.34,42.93,3.94,2,3
S83,12,22,1.09,18.41,4.18,2,4
S84,11,25,1.09,18.68,4.27,2,4
S85,10,22,1.11,22.53,3.93,2,4
S86,9,22,1.2,16.6,4.25,2,4
S87,12,21,1.12,22.1,4.26,2,4
S88,9,21,1.14,22.22,4.05,1,4
S89,14,26,1.28,20.34,3.88,2,4
S90,16,24,1.27,17,4.29,2,3
S91,10,21,1.12,17.36,4.24,2,4
S92,9,19,1.16,11.35,3.72,2,3
S93,12,25,1.11,30.22,4.2,2,4
S94,10,25,1.05,19.88,4.47,1,3
S95,12,20,1.13,12.39,4.5,2,0
S96,12,22,1.42,15.67,3.59,2,4
S97,17,26,1.07,15.47,2.78,2,4
S98,10,22,1.05,19.23,4.38,2,4
S99,8,21,1.28,14.76,4.49,3,3
S100,11,26,1.43,17.79,3.36,2,3
S101,12,22,1.6,22.19,4.8,2,2
S102,11,26,1.39,18.71,4.02,2,4
S103,18,24,1,49.01,4.4,2,3
S104,14,25,1.22,16.65,3.96,2,4
S105,11,22,1.55,21.59,3.59,2,4
S106,14,22,1.23,12.23,3.49,3,3
S107,15,23,1.18,18.21,3.86,2,4
S108,15,27,1,41.04,4.35,3,4
S109,11,22,1,17.23,4.12,3,4
S110,10,22,1.44,15.54,4.26,2,3
S111,13,17,5.61,11.95,2.61,1,2
S112,11,23,1.06,15.94,4.24,2,4
S113,7,11,1.33,11.4,4.33,5,0
S114,13,24,1.46,17.85,4.01,3,4
S115,12,25,1.06,18.15,4.33,3,4
S116,6,22,1,15.03,4.67,1,2
S117,7,19,1.14,14.51,4.38,2,3
S118,16,24,1.09,17.85,3.88,2,3
S119,14,28,2.38,24.58,3.79,2,4
S120,8,29,1.13,16.94,4,2,2
S121,14,26,1.06,17.47,4.18,2,4
S122,24,31,1,33.49,3.94,3,4
S123,9,9,1,20.61,3,2,0
S124,11,25,1.03,27.22,4.36,3,4
S125,12,22,1.03,23.25,3.95,2,4
S126,11,21,1,38.8,4,1,3
S127,10,22,1.11,24.79,4.47,1,3
S128,12,24,1.08,16.55,4.36,3,4
S129,9,21,1.05,15.45,4.37,2,4
S130,12,25,1.11,17.74,4.23,2,4
S131,9,21,1.13,10.46,4.04,2,0
S132,25,31,1,20.4,5,2,0
S133,11,25,1.07,25.71,4.32,2,4
S134,10,22,1,34.5,4.42,3,4
S135,7,21,1.33,33.54,4.33,0,3
S136,14,27,1.34,17.46,4.03,3,4
S137,15,29,1.06,19.33,3.94,2,4
S138,10,21,1.37,18.37,3.81,2,4
S139,11,21,1.21,24.43,4.1,2,4
S140,9,22,1.12,27.36,3.56,2,4
S141,11,23,1.21,15.87,3.61,2,4
S142,9,24,1.47,15.62,3.82,2,3
S143,16,26,1,18.23,4.35,2,3
S144,17,24,1.1,14.26,3,2,3
S145,11,29,1.09,17.65,4.18,3,2
S146,13,26,1.13,18.52,3.75,2,3
S147,15,24,1.05,24.37,3.82,2,4
S148,12,20,1.01,27.14,4.22,2,4
S149,9,20,1.13,13.58,4.46,2,4
S150,10,24,1.11,19.34,4.39,2,4
S151,10,22,1.28,18.87,4.05,2,4
S152,11,21,1.26,14.81,4.2,2,4
S153,20,29,1,32.22,3.55,2,3
S154,15,24,1.11,17.06,4.12,2,4
S155,13,24,1.1,20,4.2,2,4
S156,8,18,1.37,11.62,3.98,2,4
S157,16,23,1,16.78,4.5,1,0
S158,11,21,1.24,15.6,3.53,3,3
S159,12,27,1.06,18.2,4.28,2,4
S160,17,21,1,16.51,3.4,1,1
S161,11,22,1.1,13.1,3.86,2,1
S162,16,27,1.21,16.01,4,2,1
S163,12,26,1.16,19.54,4.35,2,4
S164,18,26,1.29,28.01,3.88,3,3
S165,9,22,1.08,13.56,4.55,2,4
S166,9,19,1.21,12.92,4.6,2,3
S167,12,25,1.12,18.24,4.28,2,4
S168,11,20,1.23,20.29,3.84,2,3
S169,14,25,1.43,20.04,3.66,2,4
S170,9,19,1.08,17.78,4.31,3,3
S171,14,24,1.46,18.27,3.87,2,4
S172,8,22,1,28.74,4.5,1,3
S173,11,26,1.02,21.47,4.57,2,4
S174,11,21,1.42,17.01,3.89,2,3
S175,17,26,1.12,25.63,2.94,3,4
S176,10,20,1.02,17.5,4.01,2,4
S177,10,18,1.14,18.28,4.06,2,4
S178,19,29,1.02,15.62,3.93,3,4
S179,12,28,1,24.16,4.05,2,3
S180,13,25,1.06,21.5,4.12,2,3
S181,10,27,1,20.33,4.53,2,3
S182,9,18,1.02,15.2,4.35,2,4
S183,12,23,1.07,36.82,3.95,2,4
S184,8,20,1.72,12.1,4.35,1,3
S185,8,18,1,23.74,5,1,0
S186,12,25,1.24,20.03,3.65,3,1
S187,10,22,1.39,15.34,4.53,2,4
S188,13,24,1,19.34,3.92,2,4
S189,8,14,1,12.52,4,2,2
S190,16,29,1.15,34.3,4.07,2,4
S191,11,23,1,30.78,4.63,2,3
S192,10,24,1,17.58,4.06,2,4
S193,10,23,1,15.53,4.5,2,2
S194,17,29,1.18,14.29,4.09,1,2
S195,7,17,1.3,11.61,4.29,2,4
S196,8,19,1.07,14.99,4.23,1,3
S197,11,26,1,14.11,3.5,1,0
S198,12,21,1.26,13.38,3.9,2,3
S199,28,32,1,16.25,4.03,2,4
S200,10,19,1,13.51,4.25,2,3
S201,14,28,1.05,18.16,3.76,3,4
S202,13,26,1.06,25.44,3.91,3,4
S203,7,12,1,16.89,4,2,1
S204,17,27,1.07,18.61,3.55,4,4
S205,11,24,1.11,22.33,4.45,2,4
S206,15,31,1.08,20.35,4.03,3,4
S207,11,23,1.3,16.08,4.42,2,3
S208,18,24,1.05,26.32,4.19,2,4
S209,15,27,1.13,20.03,3.93,2,4
S210,16,24,1.2,46.33,3.7,1,3
S211,9,23,1.15,34.18,3.72,2,4
S212,9,21,1.1,14.34,4.13,2,4
S213,10,19,1.11,13.43,3.88,2,3
S214,9,20,1.4,18.45,4.34,2,4
S215,11,23,1.17,17.13,4.33,2,4
S216,13,21,1.23,13.63,3.57,1,3
S217,15,21,1.32,15.68,3.82,2,3
S218,13,24,1.24,32.14,4.12,2,4
S219,14,25,1.03,17.44,4.13,2,4
S220,6,22,1,16.75,5,2,0
S221,9,23,1.06,18.12,4.61,1,3
S222,9,18,1.08,12.03,4.1,2,4
S223,9,20,1.1,13.46,4.39,2,4
S224,12,23,1.07,17.88,4.13,2,4
S225,12,23,1.28,17.86,3.94,2,3
S226,11,21,1.67,15.03,3.89,2,3
S227,7,17,1,59.2,4.25,2,4
S228,16,23,1.1,17.13,3.78,2,4
S229,13,25,1.09,25.12,4.25,2,4
S230,10,24,1.02,21,4.38,2,4
S231,9,21,1.03,23.57,4.44,2,4
S232,10,24,1.26,15.16,4.04,2,4
S233,12,22,1.06,16.29,4.11,2,3
S234,12,23,1.21,14.67,4.08,2,4
S235,14,26,1,18.78,4.22,3,2
S236,16,23,1.18,18.48,3.59,3,3
S237,11,18,1,16.12,2.67,4,0
S238,14,24,1.09,19.48,4,2,4
S239,11,21,1.02,16.63,4.35,2,4
S240,12,21,1.42,14.37,3.92,3,4
S241,12,22,1.11,13.85,4.02,2,4
S242,10,16,1.4,10.25,4,2,0
S243,11,22,1.3,18.06,4.4,2,3
S244,14,25,1.31,21.7,4.09,3,4
S245,14,26,1.04,20.84,4.05,2,4
S246,10,20,1.09,13.17,4.25,2,3
S247,12,25,1,24.92,4.31,2,4
S248,9,23,1.15,14.4,4.41,2,3
S249,10,23,1.32,14.54,3.77,3,3
S250,7,17,1.19,17.54,4.42,1,3
S251,14,24,1.1,19.58,4.19,2,4
S252,9,22,1,13.44,4.67,2,3
S253,12,25,1.12,32.34,4.17,2,4
S254,11,21,1,19.25,4.14,1,2
S255,10,24,1.07,13.66,4.17,2,3
S256,11,24,1,15.57,3.18,2,1
S257,8,20,1.31,18.53,4.13,2,4
S258,11,25,1.19,15.88,4.32,3,4
S259,13,24,1.18,15.33,4.19,2,3
S260,14,26,1.03,16.5,4.21,2,4
S261,15,25,1.12,18.22,4.08,2,4
S262,12,27,1.07,20.85,4.05,2,4
S263,10,21,1.13,17.73,3.96,2,4
S264,19,30,1.14,35.27,3.46,2,4
S265,11,26,1,22.24,4.45,2,4
S266,9,22,1.46,13.19,3.96,1,4
S267,14,16,1,16.86,4,3,1
S268,10,20,1.38,37.45,4.09,2,4
S269,13,26,1.03,16.85,4.17,3,3
S270,10,24,1.03,21.7,4.31,2,4
S271,6,23,1,12.48,5,0,0
S272,13,23,1.1,19.33,4.13,3,4
S273,13,25,1.08,41.36,4.24,3,4
S274,14,29,1.04,27.38,4.32,2,4
S275,9,23,1.04,15.84,4.38,2,3
S276,12,23,1.22,22.28,3.8,2,4
S277,12,22,1.28,14.03,4.01,3,3
S278,8,19,1.19,19.36,4.27,2,4
S279,11,18,1.39,19.35,3.73,2,4
S280,10,23,1.1,15.77,3.9,2,3
S281,15,24,1.03,17.91,3.44,2,4
S282,10,17,1.01,15.6,4.46,2,4
S283,8,19,1.12,11.36,4.58,2,3
S284,8,15,1.21,12.37,4.13,1,3
S285,13,25,1.09,18.93,3.98,2,3
S286,10,25,1.13,19.82,4.45,2,4
S287,10,25,1.15,17.05,4.21,2,3
S288,9,22,1,27.92,4.62,2,3
S289,9,22,1.08,27.03,3.75,2,3
S290,12,25,1.12,20.07,4.02,2,4
S291,5,10,1.03,12.27,4.81,2,4
S292,14,27,1.13,21.5,3.91,2,4
S293,12,22,1.05,31.48,4.25,2,4
S294,13,23,1.09,13.54,3.95,2,4
S295,13,25,1.33,17.87,4.33,2,4
S296,12,25,1.05,19.94,4.38,3,4
S297,16,25,1.03,20.98,4.17,3,4
S298,11,23,1.16,18.95,4.08,2,4
S299,10,27,1,19.36,4.83,2,3
S300,9,19,1.13,14.3,4.2,2,4
S301,8,20,1.04,20.61,4.36,2,4
S302,9,21,1.1,21.93,3.7,2,1
S303,19,27,1,18.97,3.8,3,1
S304,15,28,1.03,17.71,4.12,1,3
S305,15,24,1.17,16.41,2.97,2,3
S306,9,25,1.06,19.22,4.5,2,3
S307,6,19,1,12.99,4.6,2,3
S308,11,25,1.04,27.63,4.59,3,4
S309,24,30,1.39,39.07,3.03,3,4
S310,11,23,1.05,14.59,4.21,3,4
S311,9,20,1.05,14.66,4.44,2,3
S312,15,25,1.02,28.99,4.26,3,4
S313,8,22,1.38,13.99,4.51,3,3
S314,7,19,1.05,23.79,3.81,2,3
S315,8,19,1.23,12.6,4.08,2,4
S316,10,23,1.04,15.94,3.9,3,4
S317,12,20,1,19.11,4.6,2,0
S318,13,25,1.35,20.26,4.19,2,3
S319,9,25,1.02,50.51,4.6,3,4
S320,12,25,1.17,58.56,4.67,1,3
S321,8,16,1.29,15.61,4.14,1,2
S322,11,27,1.04,20.97,4.43,2,4
S323,10,24,1.03,16.22,4.28,2,4
S324,8,18,1,13.51,4.83,1,3
S325,10,26,1.2,22.48,4.6,1,3
S326,7,17,1.22,16.6,4.59,2,4
S327,10,20,1.23,18.91,4,2,4
S328,11,25,1.04,15.99,4.38,1,3
S329,12,27,1.23,18.77,4.27,2,4
S330,12,22,1.25,17.98,3.92,2,3
S331,9,19,1.15,19.1,4.62,1,3
S332,15,24,1,19.67,3.88,2,3
S333,15,23,1.17,18.66,3.54,3,3
S334,16,29,1,30.56,3.72,3,3
S335,8,15,1.38,9.92,4.34,2,3
S336,11,22,1.12,16,4.12,2,4
S337,10,25,1.17,26.83,4.25,1,4
S338,9,18,1,13.98,4.25,3,2
S339,13,21,1,17.47,5,2,0
S340,9,21,1,14.1,4.26,2,3
S341,10,25,1.01,22.31,4.12,2,4
S342,12,27,1,17.5,4.22,2,2
S343,15,24,1.09,14.39,4.04,2,3
S344,9,24,1.32,12.77,4.38,2,3
S345,13,22,1.07,14.91,4.08,2,4
S346,10,19,1.02,14.95,4.37,2,4
S347,14,26,1.26,15.79,3.81,2,4
S348,14,26,1.26,24.1,4.13,3,4
S349,12,23,1.07,55.4,4.14,2,3
S350,9,26,1.15,17.59,4.61,2,4
S351,14,24,1.05,17.1,3.77,2,4
S352,11,23,1.12,17.96,3.82,3,4
S353,14,25,1.09,20.92,4.11,2,4
S354,9,17,1.86,11.27,4.43,1,1
S355,12,25,1.02,65.28,4.09,2,4
S356,12,25,1.27,16.8,3.82,2,2
S357,13,29,1.2,21.01,4.43,2,3
S358,11,27,1.05,61.75,4.12,3,4
S359,13,20,1.92,17.24,3.33,1,1
S360,8,18,1,18.86,4.57,2,4
S361,9,26,1.01,29.35,4.6,2,4
S362,16,28,1.08,20.17,3.97,2,4
S363,14,21,1.24,11.98,2.26,1,4
S364,14,31,1.07,27.32,3.45,3,4
S365,12,27,1.05,22.65,3.76,2,4
S366,11,25,1.45,14.62,4.09,1,1
S367,15,26,1.33,15.14,4.43,1,2
S368,13,23,1.07,31.58,4.19,2,4
S369,7,16,1.16,12.64,4.82,2,4
S370,13,27,1.08,20.79,3.74,2,4
S371,13,25,1.08,22.43,3.88,3,3
S372,12,22,1.48,18.93,3.98,2,4
S373,9,31,1.4,13.6,3.2,2,0
S374,13,21,1,15.69,3.83,2,3
S375,11,22,1.07,39.58,4.01,2,4
S376,13,24,1,23.52,4.19,2,3
S377,12,21,1.2,13.72,4.33,2,3
S378,11,25,1.02,19.73,4.11,1,4
S379,11,26,1.42,14.3,4.42,2,2
S380,11,27,1.37,28.49,4.23,1,4
S381,10,26,1.19,31.5,3.63,1,3
S382,11,26,1.09,19.85,4.11,1,3
S383,11,25,1.35,20.69,4.55,1,3
S384,12,24,1.06,15.35,3.92,2,4
S385,8,17,1,37.96,4.73,2,3
S386,11,23,1.27,14.09,3.73,3,3
S387,11,26,1.01,36.1,4.42,3,4
S388,7,12,1.38,10.25,4.13,1,0
S389,13,23,1.04,19.59,4.28,2,3
S390,14,26,1.09,16.03,3.9,2,4
S391,13,25,1.28,26.34,4.33,3,4
S392,10,16,2.13,14.43,3.19,2,3
S393,11,27,1.23,16.92,3.98,3,4
S394,13,20,1.18,21.89,3.91,1,2
S395,14,28,1.71,15.14,4.21,2,3
S396,10,25,1.21,19.2,4.53,2,3
S397,15,24,1.02,14.3,4,2,3
S398,10,23,1.02,13.9,4.32,2,4
S399,16,25,1.3,17.74,3.75,3,4
S400,10,18,1.11,18.82,3.56,1,2
S401,9,22,1.03,35.25,4.65,1,4
S402,8,21,1.21,14.99,4.36,2,4
S403,10,22,1.42,14.69,4.24,2,4
S404,12,23,1.1,21.08,4.04,3,4
S405,13,21,1,14.61,4.5,1,0
S406,15,26,1.17,17.66,4.22,2,3
S407,18,33,1,21.06,4.55,6,3
S408,14,22,1.08,14.21,4.07,2,4
S409,5,12,1,19.18,5,1,0
S410,18,24,1.19,19.42,3.31,2,3
S411,16,25,1.21,25.38,3.86,3,3
S412,13,26,1.11,15.44,4.21,3,3
S413,8,18,1.08,19.01,4.69,1,1
S414,14,28,1.23,21.43,4.44,2,4
S415,12,27,1.01,22.93,4.3,3,4
S416,13,29,1.04,27.16,4,3,4
S417,14,24,1.47,15.79,3.45,2,4
S418,11,20,1.24,25.47,3.47,2,3
S419,10,20,1,13.17,4.75,2,0
S420,13,24,1.1,18.76,3.79,3,4
S421,10,21,1.05,14.21,4.19,2,4
S422,10,23,1.4,14.9,4.19,2,4
S423,10,21,1.27,13.78,4.19,3,4
S424,9,23,1.08,18.37,4.72,2,3
S425,14,22,1.19,20.26,3.76,2,4
S426,10,21,1.07,16.88,4.53,3,4
S427,11,23,1.11,19.01,4.43,2,4
S428,12,22,1.17,18.14,4.3,3,4
S429,8,26,1.14,13.77,5,1,0
S430,10,29,1.65,20.58,3.58,2,4
S431,9,14,1,24.56,5,1,2
S432,15,22,1.44,11.99,3.67,2,4
S433,12,24,1,18.28,4,1,1
S434,10,25,1.2,15.86,4.4,2,2
S435,17,24,1.31,16.16,3.19,2,3
S436,13,23,1.02,17.54,3.74,2,3
S437,14,26,1.07,26.1,4.16,2,4
S438,12,24,1.04,15.99,3.5,2,3
S439,10,22,1.18,16.98,4.31,3,4
S440,12,22,1.03,19.5,3.85,2,4
S441,8,25,1,18.29,4.8,2,0
S442,9,20,1.06,13.47,4.4,1,4
S443,14,23,1.72,16.83,3.89,2,3
S444,10,17,2,19.6,2.71,0,2
S445,5,12,1,16.57,4.75,6,1
S446,11,24,1.07,19.37,4.46,2,4
S447,12,30,1.89,16.6,5,5,2
S448,11,25,1.55,23.91,3.22,2,3
S449,14,24,1.2,25.75,3.68,2,3
S450,7,15,1,21.91,4.5,2,3
S451,15,24,1,50.67,4,2,0
S452,12,23,1.06,18.66,4.34,2,3
S453,12,21,1.03,23.14,4.09,2,4
S454,12,25,1.13,23.83,3.9,2,4
S455,8,21,1,13.27,4.53,4,3
S456,12,25,1.05,29.41,4.24,2,4
S457,13,25,1.01,27.6,4.21,2,4
S458,14,26,1.11,28.28,3.74,1,4
S459,15,32,1,26.46,4.53,2,4
S460,10,20,1.15,14.33,3.97,2,4
S461,12,29,1,17.39,4,3,2
S462,12,25,1,18.15,4.22,2,3
S463,12,27,1.11,20.59,4.22,1,3
S464,15,27,1.1,23.85,4.24,3,4
S465,10,24,1,17.89,4.76,1,3
S466,6,20,1.1,11.22,4,2,2
S467,12,24,1.14,14.09,4.71,1,2
S468,6,23,1,14.66,3.33,1,2
S469,14,23,1.02,65.15,4.55,2,4
S470,12,22,1.11,16.66,4.2,3,4
S471,16,20,1,19.28,5,2,0
S472,8,19,1.53,13.77,4.87,2,2
S473,8,18,1.05,12.54,4.61,2,4
S474,9,20,1.04,13.93,4.22,2,4
S475,14,32,1,23.57,4,2,3
S476,10,25,1.29,14.77,3.51,2,4
S477,9,16,1.75,12.63,4.81,2,1
S478,11,22,1.04,35.04,4.28,3,4
S479,10,20,1.35,22.84,3.41,2,3
S480,11,25,1.2,18.1,4.12,3,4
S481,16,25,1.09,21.33,4.36,2,3
S482,7,26,1.08,24.23,4.17,1,3
S483,14,23,1.35,14.8,3.71,3,3
S484,11,20,1.06,11.94,4.28,2,3
S485,25,30,1,25.88,4.4,3,3
S486,5,13,1.1,14.09,4.71,2,3
S487,13,21,1.09,13.79,3.94,2,3
S488,11,17,1.64,14.93,4.21,2,2
S489,15,21,1,24.83,3.67,3,3
S490,10,29,1,25.4,4.17,3,2
S491,9,19,1.03,15.97,4.11,2,4
S492,10,22,1.23,27.56,3.94,3,4
S493,15,26,1,24.69,4.29,2,4
S494,14,21,1.04,16.51,3.75,2,4
S495,10,22,1.15,14.67,4.42,2,4
S496,18,27,1.12,24.43,2.92,2,4
S497,12,25,1.05,25.18,4.21,2,3
S498,16,22,1.2,18.21,4.1,1,3
S499,13,24,1.03,17.91,4.34,2,4
S500,16,27,1.05,27.61,3.8,3,3
S501,7,15,1.62,19.68,3.47,2,3
S502,9,18,1.07,23.85,4.43,1,3
S503,12,22,1.02,15.22,4.16,2,3
S504,13,24,1.15,16.61,3.87,2,4
S505,10,21,1.09,11.41,3.79,2,2
S506,11,20,1.07,15.18,3.78,2,3
S507,10,22,1.22,19.91,3.72,2,4
S508,9,21,1.04,12,4.44,1,3
S509,13,25,1,25.58,4.1,2,2
S510,12,24,1.02,22.42,4.45,3,4
S511,23,19,1,28.91,1.93,2,4
S512,11,24,1.02,17.78,4.1,2,4
S513,5,13,1.08,13.62,4.31,3,1
S514,13,27,1.06,21.22,4.12,2,4
S515,12,23,1.3,16.84,4.23,2,4
S516,7,40,1,27.92,5,1,2
S517,9,27,1.11,34.21,3.33,3,2
S518,7,21,2.12,12.15,3.65,1,2
S519,10,24,1.03,16.85,4.34,2,4
S520,13,27,1.02,26.02,4.12,2,4
S521,8,18,1.02,13.31,4.07,2,4
S522,11,23,1.24,17.39,4.02,2,4
S523,8,29,1,17.11,5,1,0
S524,11,21,1.23,59.31,4.21,2,4
S525,10,24,1.2,24.97,4.53,2,3
S526,7,18,1.37,23.63,4.14,3,3
S527,12,25,1,31.82,4.57,2,4
S528,10,23,1.54,12.45,4.17,2,2
S529,4,12,1.15,8.41,4.85,2,3
S530,7,24,1.21,20.91,4.36,3,3
S531,16,23,1,13.56,4.38,3,3
S532,13,26,1.06,36.03,3.56,3,3
S533,12,22,1.1,23.48,4.13,2,4
S534,11,22,1.06,13.18,3.9,3,3
S535,9,23,1.31,16.25,4.58,2,3
S536,13,24,1.13,75.93,4.17,3,4
S537,8,19,1.14,12.46,4.56,2,3
S538,13,22,1.07,47.93,4.13,2,4
S539,16,13,2.2,13.33,4.8,0,0
S540,6,19,1,16.6,4.7,2,3
S541,13,24,1,15.97,4.31,2,3
S542,12,28,1,20.23,4.33,3,4
S543,12,22,1.84,33.98,3.75,2,4
S544,9,21,1,18.43,4.23,1,3
S545,13,20,1.11,16.35,3.68,2,3
S546,13,24,1.04,24.64,3.85,2,4
S547,8,19,1,16.51,4.27,3,3
S548,9,18,1,30.78,4.17,2,3
S549,19,28,1,54.86,3.88,3,2
S550,13,24,1.05,22.73,4.55,2,3
S551,12,25,1.07,18.4,4.2,2,4
S552,14,24,1.17,31.45,4.33,2,3
S553,13,28,1.18,19.4,3.73,3,3
S554,15,26,1.12,28.79,4.02,2,4
S555,6,17,1.18,22.38,3.82,2,1
S556,20,29,1.62,18.61,3.77,3,3
S557,10,17,1.22,12.47,4.39,2,2
S558,12,23,1,16.52,4,2,3
S559,24,28,1,78.06,3.27,1,3
S560,10,19,1.27,12.88,3.93,3,4
S561,9,16,1,34.23,4.5,2,3
S562,8,25,1.11,17.87,4.27,2,4
S563,10,27,1.59,20.67,3.48,2,4
S564,8,11,1.07,13.41,4.47,2,3
S565,10,19,1.16,19.46,3.57,2,4
S566,14,18,1.75,34.47,2.63,2,2
S567,15,24,1.5,16.61,3.78,2,3
S568,7,21,1,16.81,4.91,1,3
S569,7,13,1,7.93,4,2,0
S570,11,22,1.03,15.87,4.28,2,4
S571,18,29,1,20.8,4.45,2,4
S572,12,27,1.06,19.53,4.19,2,3
S573,9,20,1.02,13.51,4.41,2,3
S574,14,27,1.32,17.15,4.01,2,4
S575,12,22,1,14.51,4,2,1
S576,10,23,1.1,14.24,4.15,2,3
S577,11,19,1.25,15.16,4.17,2,3
S578,18,24,1,19.79,4,2,1
S579,12,24,1.34,25,3.69,2,4
S580,10,24,1,21.31,3.9,2,3
S581,12,22,1.77,24.91,4.41,3,3
S582,12,28,1.03,32.61,4.51,2,3
S583,10,17,1.33,14.82,4.17,2,2
S584,5,15,1.18,10.66,4.64,3,3
S585,10,21,1.09,13.4,4.2,2,4
S586,12,24,1.17,21.25,4.41,3,4
S587,13,28,1.21,19.25,4.44,2,3
S588,10,24,1.11,50.9,4.13,3,4
S589,10,23,1.03,17.26,3.94,2,3
S590,12,22,1.11,16.65,3.92,2,4
S591,13,22,1.45,14.18,4.06,2,4
S592,9,26,1.44,13.96,3.78,2,1
S593,10,22,1.06,14.27,3.79,2,4
S594,10,24,1.08,16.17,4.13,2,3
S595,17,25,1,34.66,4.16,3,4
S596,7,20,1,17.72,5,6,2
S597,5,15,1.75,15.33,5,0,0
S598,14,25,1.98,26.2,3.71,2,4
S599,10,19,1.08,62.32,3.58,8,3
S600,8,13,1.75,13.51,5,3,0
S601,12,26,1.39,22.09,4.58,3,3
S602,9,21,1.12,15.8,4.52,2,1
S603,14,27,1.02,18.56,4.15,2,4
S604,10,25,1.1,35.57,4.6,3,3
S605,16,32,1.07,42.52,3.6,1,4
S606,6,15,1.33,11.88,3.98,1,2
S607,11,19,4.03,11.77,3.11,2,3
S608,10,23,2.33,14.27,3.64,2,4
S609,11,20,1.12,14.65,4.21,2,3
S610,12,24,1,15.93,4.11,2,3
S611,4,18,2,11.72,1,16,0
S612,14,25,1.15,21.26,4.53,3,4
S613,9,25,1.09,19.76,4.7,3,4
S614,12,24,1,77.35,4,1,4
S615,7,17,1.16,13.32,4.36,2,3
S616,12,24,1.26,18.73,4.05,2,4
S617,9,23,1.11,14.49,4.44,5,3
S618,11,26,1.22,17.83,5,1,1
S619,11,23,1,13.6,4.56,3,3
S620,14,23,1,27.09,3.94,3,3
S621,12,24,1.02,16.11,4.26,2,4
S622,9,20,1.05,23.23,4.27,3,3
S623,10,21,1.24,43.48,4.3,3,4
S624,11,20,1.07,16.11,4.13,2,3
S625,11,22,1.93,13.57,4.01,3,3
S626,16,22,1,13.03,3.56,2,1
S627,15,28,1.06,19.09,3.97,2,4
S628,13,16,1.73,13.09,4.36,2,3
S629,16,25,1.05,21.75,4.36,3,4
S630,4,20,1,13,5,1,0
S631,10,24,1.01,22.83,4.56,2,4
S632,6,18,1.55,14.09,4.29,2,3
S633,6,24,1,16.89,2.25,1,0
S634,9,20,2.12,11.62,3.95,2,2
S635,7,13,1,18.49,3.77,2,3
S636,11,25,1.08,14.91,4.5,2,3
S637,42,26,1.5,27.57,4,5,2
S638,11,25,1.04,17.78,4.38,2,4
S639,10,21,1.17,14.87,4.31,2,4
S640,22,20,1,59.33,3,0,0
S641,14,27,1,143.64,4.33,3,4
S642,8,19,1.15,18.54,4.14,3,4
S643,11,23,1.09,23.37,4.16,3,4
S644,9,19,1.17,16.73,3.85,3,3
S645,17,27,1.02,20.52,4.11,2,4
S646,14,19,1,15.97,3.43,2,1
S647,10,25,1.09,20.05,4.23,2,4
S648,11,20,1.13,15.32,4.16,3,4
S649,8,25,1.14,23.96,4.5,2,3
S650,11,18,1.2,16.04,3.2,3,2
S651,11,24,1.07,23.01,4.34,2,4
S652,13,24,1.23,17.05,4.33,2,3
S653,9,20,1.14,19.71,4.17,1,3
S654,10,22,1.13,11.99,4.3,3,1
S655,15,21,1.15,20.27,3.88,2,3
S656,7,17,1.19,16.84,4.05,2,2
S657,11,24,1.06,19.26,4.24,2,4
S658,7,22,1.2,17.42,3.8,3,1
S659,10,28,2,16.14,4.54,3,2
S660,11,22,1.1,14.69,4.5,2,3
S661,14,24,1.09,44.66,3.93,3,4
S662,5,11,1,12.7,4.14,1,2
S663,5,15,1.11,17.91,3.58,2,3
S664,13,27,1,17.59,4.45,6,1
S665,4,29,1,18.06,4.67,1,0
S666,7,19,1,18.15,4.33,1,3
S667,12,26,1.02,22.2,4.67,2,4
S668,7,18,1.13,15.44,3.38,2,2
S669,15,33,1,61.32,4.78,4,4
S670,14,26,1.11,25.06,4.32,2,3
S671,14,26,1.13,30.71,4.1,2,4
S672,10,19,1.36,13.84,4.31,2,3
S673,15,27,2.14,13.68,4.05,4,2
S674,19,28,1.06,28.53,3.83,3,3
S675,10,23,1.41,10.29,3.64,2,2
S676,12,22,1,40.67,5,1,4
S677,13,25,1.04,21.35,3.94,2,4
S678,12,24,1.08,21.72,4.61,2,3
S679,8,19,1.02,15.25,4.51,2,4
S680,10,22,1.19,14.51,4.62,2,2
S681,7,17,2.5,19.08,4.8,3,1
S682,8,21,1,15.24,4.42,1,3
S683,8,17,1.04,27.19,4.35,3,3
S684,16,24,1.05,16.75,3.89,3,4
S685,9,22,1.35,15.26,3.73,3,4
S686,14,26,1.31,19.6,3.54,2,1
S687,10,24,1.06,16.11,4.45,2,4
S688,15,29,1,13.57,3.93,2,3
S689,15,25,1,17.77,3.57,3,2
S690,10,27,1,19.15,4,1,0
S691,12,21,1.29,17.57,3.93,3,3
S692,10,24,1,13.66,5,5,1
S693,14,20,1.64,29.02,4.64,2,3
S694,10,23,1.37,24.22,4.47,1,3
S695,13,26,1,21.72,4.39,3,4
S696,7,19,1,17.1,4.67,1,0
S697,12,30,1.27,15.62,4.08,2,4
S698,16,25,1.09,20.79,3.66,1,3
S699,13,24,1.02,18.94,4.05,2,4
S700,13,24,1.07,16.16,4.16,2,4
S701,28,34,1,34.4,3.17,1,2
S702,10,20,1.29,17.88,4.29,2,4
S703,14,36,1,55.45,4.5,2,4
S704,7,29,1.09,16.22,4.36,1,2
S705,13,24,1.11,16.56,4.54,3,2
S706,9,22,1,36.24,4.67,2,1
S707,14,29,2.03,18.9,3.49,2,4
S708,10,22,1,16.75,4.61,2,4
S709,14,25,1.07,19.15,4.45,3,3
S710,5,7,1.5,7.52,5,4,0
S711,13,31,2.04,43.09,3.3,1,3
S712,19,27,1.07,41.89,3.67,1,4
S713,15,25,1.01,22.25,3.89,2,4
S714,7,19,1.11,25.58,4.03,2,4
S715,13,27,1,15.67,4.25,1,0
S716,8,22,1.13,19.19,3.83,5,3
S717,8,18,1.14,16.91,4.14,2,3
S718,8,20,1.28,23.07,4.32,2,4
S719,12,25,1.03,18.49,4.38,2,4
S720,14,21,1,19.09,4,6,4
S721,10,20,1.31,12,4.04,1,3
S722,10,21,1.17,28.54,4.83,1,3
S723,7,19,1,15.44,4.2,1,1
S724,10,22,1,41.25,4.18,2,3
S725,14,27,1.35,19.4,4.27,2,4
S726,14,23,1.8,24.84,3.34,2,4
S727,11,34,1,37.4,5,0,0
S728,9,25,1.2,18.59,3.88,2,4
S729,13,25,1,19.39,4.5,1,3
S730,25,19,1,14.65,1.67,1,2
S731,14,26,1.36,55.55,3.79,2,4
S732,15,29,1.07,41.57,4.36,2,3
S733,17,25,1,24.95,4.18,3,4
S734,9,18,1.1,26.76,3.95,3,3
S735,11,20,1,20.29,3.82,2,2
S736,13,24,1,15.48,3.96,2,2
S737,10,24,1.54,13.82,4.11,2,3
S738,9,19,1,26.2,4.58,2,3
S739,10,25,1,22.3,4.67,2,1
S740,13,30,1.02,37.46,4.36,3,4
S741,14,25,1.13,36.11,4.35,2,4
S742,8,25,1.2,73.42,4.6,1,4
S743,12,27,1.45,45.84,3.57,2,3
S744,10,24,1,19.01,4.43,3,2
S745,9,25,1,18.84,4.42,2,3
S746,7,17,1.33,17.9,4,2,2
S747,11,22,1.04,15.23,3.95,2,4
S748,11,27,1.09,24.03,4.55,2,3
S749,15,28,1,54.67,2.25,2,4
S750,14,24,1.06,30.91,4.09,2,4
S751,11,23,1.2,17.8,4.74,2,4
S752,13,24,1.23,18.37,3.81,2,4
S753,8,19,1.41,13.59,3.88,3,3
S754,23,38,1,13.79,2.6,7,2
S755,9,20,1,20.62,4.5,2,3
S756,7,25,1.17,20.77,4.42,2,2
S757,15,29,1.38,16.85,3.72,2,4
S758,11,25,1.11,27.22,4.62,1,4
S759,13,17,1,27.96,5,1,0
S760,12,23,1.02,19.23,4.46,5,3
S761,5,15,1,13.14,4.75,2,1
S762,10,23,1,22.53,4.5,3,0
S763,10,24,1,80.61,4.25,5,3
S764,10,24,1,37.09,5,9,0
S765,6,18,1.28,9.82,4.46,2,2
S766,11,23,1,23.59,4.57,2,2
S767,14,27,1,18.36,4.42,1,3
S768,8,17,1,13.43,4.6,2,2
S769,15,26,1,30.98,3.86,3,3
S770,12,22,1.27,15.58,4.58,3,3
S771,10,27,1,16.79,4.8,6,2
S772,12,24,1,19.17,5,1,0
S773,7,18,1,29.16,4.57,3,2
S774,10,22,1.02,15.1,4.22,2,3
S775,7,17,1,16.81,5,0,0
S776,18,26,1.06,17.71,4.35,2,2
S777,11,35,1.03,9.42,5,1,1
S778,10,20,1.2,17.75,4.12,2,3
S779,11,21,1.14,13.31,4.41,3,4
S780,17,25,1,29.96,3.44,3,2
S781,9,18,1.53,12.03,4.24,1,1
S782,20,24,1.41,21.92,3.68,2,3
S783,10,23,1.14,20.55,4.01,2,3
S784,9,25,1.25,18.24,4.3,2,4
S785,11,21,1.13,13.74,4.34,2,3
S786,7,20,2.54,13.53,4.96,3,2
S787,11,26,1.08,17.14,4.38,1,2
S788,7,20,1.09,16.1,4.73,1,2
S789,14,27,1.07,21.96,4.49,2,2
S790,13,23,1.13,14.58,3.66,2,4
S791,10,26,1,70.51,4.41,2,4
S792,13,25,1.1,18.9,3.97,2,3
S793,15,32,1,42.83,3.5,8,3
S794,7,15,1.69,25.29,4.31,1,3
S795,20,28,1.36,13.55,3.44,3,4
S796,10,23,1.16,19.01,4.2,3,3
S797,12,25,1,31.04,5,1,2
S798,11,18,1,31.91,4.29,7,3
S799,12,19,1,8.72,5,1,0
S800,11,19,1.33,18.42,5,0,0
S801,13,26,1,34.63,4.43,3,3
S802,11,21,1.28,19.32,3.74,2,4
S803,11,19,1.14,15.4,4.23,2,2
S804,13,24,1.15,21.6,3.77,3,4
S805,11,22,1,27.54,4.13,2,4
S806,6,12,1.07,13.25,4.5,1,2
S807,3,10,1.75,11.14,4.13,3,0
S808,4,12,1,12.37,4.86,1,1
S809,16,21,1.04,24.51,3.46,2,3
S810,11,26,1.13,22.62,4.55,2,4
S811,11,31,2,32.66,3.26,2,3
S812,9,18,1,19.09,3.5,1,0
S813,11,24,1.64,15.89,3.95,2,4
S814,2,7,1,8.06,5,2,0
S815,12,19,1,46.14,4.27,2,3
S816,13,23,1.12,14.96,4.04,3,3
S817,15,23,1.07,16.14,4.01,3,4
S818,9,23,1.36,18.05,4.18,2,1
S819,10,21,1,87.72,3.65,2,4
S820,8,17,1.13,14.73,3.54,2,3
S821,8,18,1.1,14.46,4.55,2,3
S822,7,22,1,23.58,4.73,2,3
S823,10,21,1.13,13.59,4.35,3,3
S824,11,22,1.44,16.19,4.67,2,2
S825,5,17,1.22,15.91,4.56,1,3
S826,13,26,1.02,23.95,4.22,2,4
S827,15,22,1,22.92,4.08,2,4
S828,13,25,1.06,16.68,4.4,3,3
S829,12,22,1.04,14.19,3.87,2,3
S830,19,32,1.21,19.26,3.16,2,4
S831,9,20,1,11.18,4.44,2,0
S832,12,24,1.11,28.55,4,2,4
S833,8,19,1,12.67,4.82,1,2
S834,9,15,1,14.9,3.5,2,0
S835,14,24,1.13,16.48,4.13,3,4
S836,7,17,1.02,12.97,4.42,2,3
S837,14,22,1.64,18.91,4.07,1,3
S838,10,28,1.2,37.43,2.8,2,2
S839,13,23,1,31.72,4.79,2,3
S840,7,17,1.17,15.19,3.92,2,1
S841,10,18,1.2,12.71,2.4,1,0
S842,10,20,1.14,15.43,4.43,2,4
S843,4,13,1.1,11.12,4.6,1,0
S844,16,24,1.05,20.5,4.05,2,4
S845,13,22,1.09,15.79,3.45,3,3
S846,8,22,1.46,19.61,4.57,2,4
S847,13,23,1.8,16.93,3.95,3,4
S848,11,23,1.17,19.93,4.54,1,4
S849,11,25,1.06,27.73,4.45,2,3
S850,12,24,1.05,13.49,4.57,2,3
S851,13,25,1.36,15.87,4.73,1,1
S852,8,19,1.09,13,4.57,1,2
S853,11,20,2.12,13.41,5,2,3
S854,7,23,2,26.65,4.8,2,1
S855,13,24,1,15.94,4.5,1,0
S856,7,15,1.09,15.2,4.18,1,3
S857,17,24,1.37,31.59,3.88,3,4
S858,17,26,1.3,16.38,3.36,2,4
S859,6,20,1,20.32,3.22,3,2
S860,6,14,1,12.79,5,0,0
S861,8,21,1.25,12.42,4.26,2,3
S862,12,24,1.05,29.98,4.19,2,4
S863,15,25,1.37,15.92,4,3,3
S864,16,29,1,17.34,4.38,2,1
S865,10,23,1,26.22,4.28,2,4
S866,12,27,1,21.28,2.89,1,1
S867,12,26,1.24,23.25,4.28,2,3
S868,10,24,1.24,15.28,4.27,2,3
S869,11,24,1.16,14.32,3.32,2,3
S870,19,24,1,25.2,4,1,2
S871,5,13,1,12.57,4.86,4,1
S872,10,24,1.15,19.68,4.28,2,4
S873,12,23,1,22.75,4.04,2,4
S874,6,15,1,10.95,3.75,1,0
S875,13,20,1.14,19.8,3.14,4,3
S876,14,24,1.15,25.1,3.97,3,4
S877,11,21,1,17.91,3.96,2,3
S878,20,25,1.08,47.7,3.5,1,3
S879,17,25,1.13,35.17,3.92,2,4
S880,17,28,1.28,20.27,4.48,2,3
S881,9,28,1.33,17.82,4.71,3,2
S882,9,24,1,38.48,4.47,2,3
S883,13,24,1.06,20.96,4.5,2,3
S884,9,19,1,49.61,4.88,3,2
S885,11,26,1.06,18.54,4.42,2,4
S886,11,24,1.08,17.6,4.25,2,3
S887,8,17,1.49,14.75,4.31,2,3
S888,9,20,1.11,19.05,4.16,2,3
S889,9,20,1,14.06,4.78,2,2
S890,11,22,1.08,13.18,3.73,2,4
S891,7,17,1.02,26.72,4.48,2,3
S892,12,28,2.88,16.45,1,1,0
S893,9,26,1,34.62,4.35,2,3
S894,10,21,1.12,32.06,4.12,2,3
S895,15,22,1.43,15.65,3.02,2,3
S896,5,22,1.4,91.55,4.9,2,3
S897,9,26,1.25,26.93,3.25,2,3
S898,10,30,1,142.4,5,2,3
S899,18,22,1,16.54,4.57,6,2
S900,9,23,1.56,17.08,4.23,2,3
S901,11,22,1.11,20.71,4.11,2,3
S902,17,41,1,35.9,4,1,0
S903,12,24,1.18,22.46,4.3,2,4
S904,13,24,1.1,36.7,4.11,2,4
S905,22,30,1.1,160.55,4.34,1,4
S906,12,30,1,106.21,5,3,0
S907,11,28,1.05,19.85,4.95,3,3
S908,14,24,1,66.42,4.38,2,4
S909,15,27,1,18.59,5,1,0
S910,14,22,1.07,18,4.31,3,4
S911,22,34,1.68,19.86,3.35,3,2
S912,17,25,2.04,20.4,3,3,3
S913,8,16,1.08,26.27,4.31,2,3
S914,10,20,1,16.42,4.19,2,3
S915,18,21,1.73,15.15,3.55,1,2
S916,12,22,1.09,25.4,4.64,4,2
S917,9,22,1,57.25,4.5,2,0
S918,14,28,1.18,18.47,4.18,2,2
S919,13,23,1,16.29,3.89,1,3
S920,14,28,1.61,17.68,3.82,2,3
S921,10,22,1,20.15,2.75,6,3
S922,8,11,2.6,15.1,2.5,0,2
S923,11,20,1.04,14.2,4.36,2,3
S924,9,21,1.03,20.67,4.25,2,4
S925,10,23,1.32,16.58,4.45,5,2
S926,13,25,1,22.16,4.25,2,3
S927,11,23,1,16.7,4.17,3,3
S928,17,27,1,16.32,4.5,17,0
S929,18,29,1,20.7,5,24,0
S930,22,26,1,25.83,4,4,1
S931,10,19,1,24.53,4.75,2,2
S932,8,15,1.53,12.62,4,3,3
S933,18,19,1,18.35,3.89,2,3
S934,10,20,1.1,15.2,3.75,2,4
S935,16,29,1.5,7.03,3,11,0
S936,11,24,1,15.61,4.38,2,1
S937,14,21,1.5,17.71,3.68,3,4
S938,13,24,1.22,27.34,2.56,3,3
S939,12,21,1.25,37.16,3.92,3,3
S940,6,16,1.12,13.41,4.62,2,4
S941,15,24,1,52.58,4.43,2,4
S942,14,24,1.06,42.42,4.33,3,3
S943,12,22,1.07,18.49,3.91,2,4
S944,9,25,1.32,17.5,4.5,2,3
S945,6,21,1.13,13.49,4.88,2,2
S946,8,23,1.37,34.32,4.47,3,3
S947,9,21,1.67,34.68,3.57,3,3
S948,10,18,1.03,14.83,3.91,2,3
S949,11,27,1.15,18.06,4.73,1,3
S950,10,21,1.06,13.85,4.38,2,4
S951,8,18,1,17.31,4.64,2,2
S952,22,29,1,34.11,4,1,2
S953,14,25,1.03,16.61,4.44,2,4
S954,13,24,1.23,22.83,3.5,5,4
S955,16,30,1.13,16.1,4.25,2,3
S956,18,26,1.6,22.44,3.4,2,4
S957,10,26,1.29,20.35,4.32,3,4
S958,10,24,1.2,16.82,3.49,2,3
S959,7,20,1.11,24.32,4.05,2,4
S960,9,25,1.07,28.99,4.22,3,4
S961,11,21,1,18.23,3.79,2,2
S962,10,23,1.05,16.43,4.24,1,3
S963,9,21,1,16.96,3.5,1,3
S964,13,24,1,16.36,5,1,0
S965,14,25,1.09,34.2,4.09,2,3
S966,9,21,1.05,15.61,4.35,2,3
S967,13,26,1,36.3,4.52,2,4
S968,11,25,1.22,19.47,4.34,2,3
S969,10,23,1.08,22.33,4.13,2,3
S970,18,28,1,21.67,3.5,0,2
S971,17,26,1.43,15.89,4.26,2,1
S972,11,23,1.08,18.59,4.5,2,3
S973,12,28,1.1,17.08,4.4,2,4
S974,12,26,1.06,16.62,4.25,3,3
S975,17,25,1.17,19.01,4.33,1,2
S976,18,28,1,32.05,3.95,1,4
S977,14,25,1.44,44.83,2.72,1,4
S978,11,24,1.08,22.21,3.67,2,3
S979,12,27,1.04,26.83,4.63,3,3
S980,8,22,1.42,12.6,4.11,3,3
S981,13,24,1.32,23.03,4.23,1,3
S982,20,27,1,63.08,4,2,3
S983,17,28,2.5,48.45,2.5,2,3
S984,9,19,1.11,19.61,4.33,2,2
S985,7,17,1.14,12.48,4.62,2,3
S986,9,20,1,13.13,4.65,1,3
S987,6,20,1,10.59,4.8,2,1
S988,6,16,1.03,16.54,4.66,1,3
S989,6,17,1,18.74,5,1,0
S990,12,22,1,23.49,4.14,1,3
S991,11,23,1.12,14.91,4.17,2,3
S992,12,22,1,23.5,5,2,0
S993,11,21,1,37.51,4.43,1,3
S994,11,19,1,13.41,3,3,2
S995,15,28,1.05,17.76,4.53,2,3
S996,14,31,5.09,16.14,5,2,3
S997,11,24,1.16,18.41,3.88,3,3
S998,9,20,1,14.93,4.27,2,2
S999,12,23,1.89,18.51,3.35,2,4
S1000,19,22,1,16.66,3.83,2,2
S1001,13,21,1,18.43,3.08,1,3
S1002,9,32,1,16.11,3,1,0
S1003,9,19,1.26,12.6,4.45,1,3
S1004,14,26,1.06,23.6,3.81,2,3
S1005,10,18,1,12.63,4.27,5,1
S1006,14,26,1.07,20.66,4.49,2,3
S1007,10,20,1.25,11.78,4.34,2,1
S1008,8,19,1,16.47,4.63,2,3
S1009,7,21,1,20.45,4.6,2,2
S1010,11,20,1,22.44,4.25,4,4
S1011,14,23,1.34,17.06,3.33,2,3
S1012,10,26,1,30.97,3.88,4,3
S1013,8,19,1.03,23.36,4.58,1,3
S1014,11,25,1.13,21.5,4.13,2,1
S1015,10,19,1.08,17.22,4.29,1,4
S1016,9,20,1,24.24,4.56,2,2
S1017,14,25,1,20.97,3.94,2,4
S1018,7,19,1.09,16.07,4.52,3,3
S1019,7,19,1,11.87,4.57,2,1
S1020,7,20,1.1,17.34,3.9,2,4
S1021,13,26,1,17.1,4.09,5,2
S1022,8,19,1.33,12.74,3.81,4,3
S1023,15,25,1.36,20.9,4.06,2,3
S1024,9,18,1.07,19.51,4.93,1,2
S1025,14,27,1,69.68,4,1,4
S1026,4,17,1.17,12.68,4.83,3,1
S1027,10,25,1.55,13.56,3.85,2,3
S1028,11,23,1,23.99,4.34,3,4
S1029,8,19,1,14.57,4.86,2,2
S1030,7,23,1.13,13.19,3.88,3,1
S1031,13,28,1.45,20.16,2.91,1,1
S1032,13,18,1.43,14.5,3.5,1,1
S1033,9,23,1.7,19.2,4.6,4,0
S1034,11,22,1.08,24.41,3.96,3,3
S1035,9,23,1,13.47,4,1,0
S1036,9,17,1.63,12.91,4.69,1,3
S1037,7,27,1,19.46,5,1,0
S1038,8,21,1.13,15.27,4.67,1,3
S1039,8,26,1,53.33,5,6,1
S1040,9,17,1.2,10.96,4.8,1,2
S1041,5,12,1,9.79,4.28,1,1
S1042,12,22,1.17,15.09,3.83,8,3
S1043,12,22,1.08,20.34,4.25,3,2
S1044,11,21,1.06,24.69,3.94,4,3
S1045,17,25,1.11,43.83,4,4,3
S1046,10,24,1,20.88,4.57,3,4
S1047,9,17,1,45.17,4.75,2,3
S1048,9,25,1.12,47.28,4.38,3,3
S1049,14,22,1,15.33,4.54,3,2
S1050,13,22,1,56.5,4.75,1,1
S1051,12,24,1.17,14.5,3.92,2,3
S1052,14,23,1,22.42,3.86,1,4
S1053,10,22,1,42.47,4.3,2,4
S1054,13,27,1.05,20.17,3.95,4,3
S1055,9,23,1,26.48,4.41,2,4
S1056,14,26,1.08,13.96,3.85,3,1
S1057,10,23,1,18.05,4.63,3,2
S1058,23,25,1.64,14.69,4.45,1,1
S1059,11,23,1.48,22.95,3.82,2,4
S1060,11,25,1.11,78.17,4.24,2,4
S1061,8,24,1.06,24.93,4.69,1,2
S1062,11,27,1,27.64,3.88,1,3
S1063,10,19,1,27.73,4.21,2,3
S1064,11,22,1.29,19.87,2.33,2,3
S1065,9,53,1,10.96,4,1,0
S1066,18,24,1.07,14.89,3.57,1,3
S1067,9,19,1.25,12.24,3.83,1,2
S1068,8,25,1,12.15,4.56,3,2
S1069,9,20,1.4,17.39,4.34,2,3
S1070,9,18,1,17.89,4.63,2,2
S1071,12,27,1.14,16.84,3.78,4,3
S1072,8,16,1,12.89,4.33,2,0
S1073,10,25,1.2,17.73,4.18,2,3
S1074,6,23,1.33,15.13,3.67,2,0
S1075,6,22,1,22.94,4,1,0
S1076,13,19,3.03,13.06,3.03,3,4
S1077,12,24,1,19.99,4.36,2,2
S1078,13,27,1.18,25.58,4.31,3,3
S1079,13,24,1,22.95,5,3,0
S1080,10,22,1,15.62,4.21,3,3
S1081,9,21,1,22.07,4.63,1,2
S1082,10,25,1,17.75,4.63,3,3
S1083,8,18,1.13,15.28,2.75,1,2
S1084,14,28,1.16,12.53,3.89,6,1
S1085,8,22,2.85,15.04,2.8,1,2
S1086,7,1,1,21.82,5,1,0
S1087,9,20,1.26,20.71,4.26,2,4
S1088,12,35,1,227.66,5,1,4
S1089,6,17,1,11.92,4.43,1,2
S1090,8,25,1.15,23.49,3.85,2,3
S1091,20,24,1.69,13.87,3.75,4,2
S1092,6,15,1.34,26.23,4.71,2,4
S1093,13,25,1.03,37.13,3.93,2,3
S1094,7,19,1.09,17.18,4.55,3,3
S1095,10,32,1.5,15.95,5,2,0
S1096,13,25,1.13,19.43,4.67,3,4
S1097,19,28,1.14,29.53,3.86,3,0
S1098,7,17,1.18,14.28,3.18,1,1
S1099,12,28,1,20.71,4.86,3,1
S1100,10,21,1.07,20.82,4.07,2,3
S1101,5,14,1.04,15.52,4.38,2,3
S1102,19,27,2,27.56,3.44,1,4
S1103,10,24,1.11,19.41,4.22,2,1
S1104,5,19,1,28.02,4.4,1,3
S1105,10,23,1.29,28.09,4.5,3,3
S1106,9,22,1.16,36.95,3.05,2,4
S1107,15,26,1.14,51.51,3.57,3,2
S1108,24,36,1,15.24,3.2,1,3
S1109,8,28,1,20.2,4,3,0
S1110,11,22,1.31,14.97,3.63,2,4
S1111,19,25,1,24.52,3.78,1,2
S1112,8,21,1,21.71,3.25,9,3
S1113,23,27,1.08,24.24,4.17,2,2
S1114,10,19,1.25,18.47,4.25,2,3
S1115,11,24,1.08,38.23,4.77,2,3
S1116,8,22,1.06,18.71,4.5,2,3
S1117,19,29,1.02,19.22,3.92,2,3
S1118,10,23,1,39.04,4.9,2,2
S1119,8,22,1,16.94,4.29,2,2
S1120,13,22,1.15,16.6,4.23,3,4
S1121,12,24,1.5,15.6,3.9,4,2
S1122,9,22,1.05,14.28,4.46,2,4
S1123,11,25,1.04,24.73,4.18,4,3
S1124,16,29,1.19,19.6,3.99,2,4
S1125,5,13,1.11,12.31,4.89,2,2
S1126,11,25,1.03,23.14,3.92,2,4
S1127,8,24,1.24,23.1,4.47,2,2
S1128,9,28,1,18.09,4.07,3,1
S1129,9,20,1.07,16.78,4.39,3,4
S1130,18,30,1.09,78.91,3.44,2,4
S1131,8,20,1.09,13.74,4.63,2,3
S1132,10,22,1.13,18.52,4.13,6,2
S1133,10,22,1.03,17.31,4.12,2,3
S1134,5,14,1,11.48,4.58,1,2
S1135,14,33,1,17.65,3.86,2,2
S1136,9,21,1.06,13.58,4.56,1,3
S1137,16,31,1.14,21.21,4.07,1,2
S1138,12,24,1,19.18,4.1,2,3
S1139,12,22,2,24.48,5,0,2
S1140,14,23,1.04,18.19,3.88,2,3
S1141,12,29,1.75,31.76,3.57,1,4
S1142,9,21,1,74.13,4.33,2,4
S1143,12,23,1.09,13.25,3.87,2,3
S1144,20,29,1,151.2,5,0,0
S1145,13,22,1.12,49.66,3.71,3,4
S1146,17,28,1,18.9,4,2,4
S1147,13,25,1,18.88,4.28,3,3
S1148,15,20,1,19.7,3.67,1,1
S1149,10,24,1,16.57,4.17,2,3
S1150,15,23,1.11,20.83,4.22,4,3
S1151,16,27,1.14,37.1,4.52,3,4
S1152,4,13,2.25,11.21,4.38,1,2
S1153,29,38,1.31,13.28,2.5,2,2
S1154,8,24,1,19.8,4.33,3,2
S1155,13,23,1.03,21.76,3.91,2,3
S1156,17,24,1,17.21,4.33,2,2
S1157,34,25,1,18.81,3,0,0
S1158,12,21,1.02,17.88,3.98,2,4
S1159,13,27,1.02,24.94,4.57,3,4
S1160,11,24,1.21,14.5,4.29,2,3
S1161,8,28,1,14.77,4,2,0
S1162,7,19,2.64,11.08,4.6,3,2
S1163,7,15,1.25,32.77,3.5,2,3
S1164,10,21,1.36,20.83,3.82,2,2
S1165,9,20,1.17,15.59,4.45,2,3
S1166,10,22,1,45.11,5,3,2
S1167,5,17,1.19,18.43,4.19,2,2
S1168,8,20,1.42,14.82,5,1,1
S1169,9,20,1.07,16.73,3.84,2,3
S1170,4,19,1.14,16.74,4.71,2,2
S1171,4,11,1.14,12.55,5,2,1
S1172,6,16,1,23.58,4.75,1,2
S1173,10,21,1.74,18.82,3.97,2,3
S1174,8,20,1.13,30.33,3.5,3,3
S1175,15,21,1.04,54.62,3.4,2,4
S1176,11,25,1,76.18,4.4,2,4
S1177,17,30,1,17.92,5,5,0
S1178,12,26,1.1,13.75,3.8,1,2
S1179,12,31,1,26.46,5,1,0
S1180,14,31,1.14,15.18,4.81,3,3
S1181,16,24,1.08,17.13,4.31,2,2
S1182,12,28,1,18.42,4.06,3,3
S1183,11,35,1.17,18.94,4.5,2,1
S1184,16,18,1.71,48.32,3.53,1,4
S1185,12,19,1,14.51,4.38,2,3
S1186,22,27,1.09,22.82,3.64,2,3
S1187,11,23,1.07,47.32,3.93,2,3
S1188,23,15,1,15.17,1,2,0
S1189,12,23,1,18.6,2.5,2,2
S1190,5,13,1.23,10.1,4.77,1,2
S1191,13,27,1.67,27.78,2.93,2,3
S1192,6,17,1.17,17.21,4.24,2,3
S1193,4,13,1,13,4.46,2,3
S1194,18,28,1.09,114.09,3.73,4,4
S1195,16,21,1.11,16.61,2.97,2,4
S1196,11,25,1.39,18.18,4.28,4,2
S1197,7,23,1.17,12.26,3.93,5,2
S1198,15,31,1.04,21.12,3.93,2,3
S1199,8,15,1,23.81,4.33,2,3
S1200,10,28,1,13.69,4.5,8,0
S1201,13,21,1,33.27,5,2,0
S1202,13,20,1.13,13.27,3.81,4,3
S1203,11,22,1,21,4.28,3,4
S1204,10,21,1.33,15.45,3.33,2,0
S1205,11,22,1.05,15.67,4.33,6,3
S1206,16,24,1.14,37.22,4.21,1,3
S1207,8,33,2.23,22.52,5,3,3
S1208,11,28,1,16.33,5,1,0
S1209,8,21,1.25,76.61,2.75,2,2
S1210,12,24,1,19.98,4.5,2,4
S1211,16,25,1,16.32,4,9,0
S1212,8,24,2.16,12.44,2.66,2,2
S1213,14,23,1,21.44,4,5,3
S1214,8,18,1,20.61,4.67,1,0
S1215,16,8,1.5,8.82,3,0,0
S1216,7,21,1,11.26,5,1,0
S1217,22,33,1,37.25,4.33,2,2
S1218,13,23,1.06,22.52,4.06,1,3
S1219,8,18,2.7,10.6,3.96,1,2
S1220,11,19,1,12.79,5,2,0
S1221,12,19,1,15.36,3,2,1
S1222,10,23,1.08,23.12,4.33,4,2
S1223,11,16,1.06,14.9,4.24,2,2
S1224,9,18,1.13,15.47,4.25,1,2
S1225,14,28,1.8,50.77,3.65,3,3
S1226,10,27,1,26.2,4.38,1,2
S1227,11,32,1.09,26.82,4.27,3,3
S1228,8,17,1.13,13.02,4.88,2,1
S1229,9,28,1,14.53,5,2,0
S1230,5,6,1,7.45,2.5,1,0
S1231,12,21,1.14,16.27,4.14,1,0
S1232,14,20,1.19,20.78,3.48,2,3
S1233,13,32,1,14.42,3.25,1,1
S1234,13,21,1.13,15.82,3.38,1,1
S1235,15,23,1.04,25.6,4.12,1,3
S1236,12,23,1.06,21.12,3.76,1,3
S1237,14,23,1,22.65,4.33,2,3
S1238,8,19,1,11.44,4.67,2,2
S1239,12,21,1,14.07,4.5,3,0
S1240,5,20,1,15.84,5,1,0
S1241,3,21,1,10.76,4.5,4,0
S1242,12,25,1,21.28,4.53,1,3
S1243,12,20,1,44.63,4.67,1,3
S1244,4,14,1,12.64,4.33,2,1
S1245,11,19,1.08,12.73,4.08,3,1
S1246,12,25,1.13,50.69,4.25,2,4
S1247,10,21,1.2,45.44,4.2,1,3
S1248,18,24,1,29.98,4.21,2,3
S1249,6,14,1.09,7.67,4.91,2,1
S1250,11,22,1.32,21.32,4.24,3,3
S1251,15,27,1.05,17.82,3.81,2,4
S1252,7,27,1,23.1,5,0,0
S1253,13,25,1,14.76,4.5,2,2
S1254,9,26,1.24,34.03,4.52,1,3
S1255,13,20,1.03,25.67,4.03,2,3
S1256,14,17,1,13.22,3,1,0
S1257,14,26,1,37.14,4.36,3,3
S1258,5,17,1.18,8.62,4.27,3,1
S1259,16,19,2.22,21.87,3.11,3,1
S1260,8,21,1.05,16.01,4.27,2,2
S1261,13,31,1,23.38,5,3,2
S1262,17,25,1,34.67,3.78,2,3
S1263,9,18,1,12.65,4.6,5,0
S1264,9,19,1,13.75,3.5,1,0
S1265,4,23,1.75,9.24,4.67,1,2
S1266,16,26,1.12,26.47,3.94,3,3
S1267,13,25,1.17,12.56,4.33,2,1
S1268,7,17,1.05,16.5,4.58,2,3
S1269,10,25,1.07,18.54,3.6,2,3
S1270,10,23,1.06,16.59,4.06,2,3
S1271,10,28,1,21.15,4.43,2,2
S1272,9,20,1.29,46.78,3.93,2,3
S1273,21,35,1.08,37.83,3.33,2,3
S1274,21,31,1,45.19,3.89,3,3
S1275,10,25,1.04,23.79,4.16,2,4
S1276,11,21,1,28.84,4.33,2,4
S1277,8,27,1,22.09,4.75,2,1
S1278,7,18,1.27,11.58,4,1,2
S1279,15,25,1.29,19.19,3.24,7,2
S1280,4,11,1,11.1,4.44,1,2
S1281,10,28,1.05,55.05,4.45,2,4
S1282,7,19,1.09,13.5,4.82,2,2
S1283,11,26,1,12.69,3,3,0
S1284,10,21,1.08,17.45,4,2,2
S1285,8,24,1.5,14.37,5,3,0
S1286,15,25,1.12,18.7,3.84,3,3
S1287,19,25,1,115.35,5,3,3
S1288,8,14,1,33.35,3.67,2,3
S1289,17,38,1,21.21,4,26,0
S1290,11,31,1,15.59,4,10,0
S1291,8,26,1,89.77,4.75,2,4
S1292,13,28,1.86,17.11,5,1,0
S1293,8,18,1.03,29.81,4.49,2,4
S1294,19,27,1.5,77.85,5,2,3
S1295,8,19,1,22.26,3.76,2,3
S1296,13,27,1.32,22.16,4.12,2,4
S1297,8,19,1.68,26.68,4.23,3,4
S1298,12,25,1.08,30.93,4.58,2,3
S1299,13,22,1,44.04,3.2,2,3
S1300,8,24,1.14,19.16,4.71,2,1
S1301,10,22,1.5,7.65,5,1,0
S1302,15,19,1,116.17,4.5,2,4
S1303,11,20,2.59,12.8,2.29,5,1
S1304,7,21,1.13,24.97,4.34,1,3
S1305,7,28,1,21.2,5,1,0
S1306,6,14,1.33,46.96,3,3,3
S1307,7,20,1.4,14.99,4.4,1,1
S1308,8,19,1.95,11.83,4.64,2,1
S1309,20,20,1,13.97,3.38,5,1
S1310,7,19,1.22,12.57,4.56,2,2
S1311,9,29,1.22,13.63,3.67,2,0
S1312,13,26,1,27.53,4.22,3,3
S1313,7,25,1.4,17.3,4.7,2,0
S1314,10,24,1.17,23.44,4.4,2,4
S1315,12,19,1.07,24.75,3.87,2,3
S1316,11,27,1,16.09,3.75,2,3
S1317,13,25,1.71,21.58,2.9,1,3
S1318,9,29,1,10.97,3.67,2,1
S1319,6,18,1,14.09,4.25,1,1
S1320,10,29,1.17,21.84,4.83,3,2
S1321,11,24,1.2,22.76,4.6,2,3
S1322,9,19,1.11,15.66,4.78,1,3
S1323,9,17,1,44.33,3.5,2,2
S1324,14,27,1.11,26.95,3.83,2,4
S1325,6,20,1,18.26,4.55,3,2
S1326,10,22,1.09,27.66,4.11,3,3
S1327,14,24,1.06,15.24,3.97,2,3
S1328,23,29,1,71.08,3,3,1
S1329,13,22,1.25,14.88,4.08,2,1
S1330,9,20,1,20.38,4.4,1,2
S1331,5,15,1.13,13.82,4.69,1,2
S1332,13,23,1,23.14,4.6,1,2
S1333,16,22,1.11,15.07,3.55,2,3
S1334,13,22,1.11,41.35,3.89,2,3
S1335,20,27,1.05,21.09,4.42,1,3
S1336,8,26,1.14,19.71,4.86,2,3
S1337,13,18,1,13.14,4.25,1,2
S1338,5,19,1,18.73,4,8,0
S1339,16,24,1.2,18.61,4.2,3,1
S1340,17,23,3.33,27.51,1.4,1,4
S1341,9,22,1,20.09,4.71,3,1
S1342,7,19,1.22,14.61,4.33,4,4
S1343,9,22,1,22.64,4.81,2,4
S1344,19,27,1,29.01,4,3,3
S1345,10,23,1.03,15.15,4.17,2,2
S1346,7,24,1,33.63,5,2,1
S1347,10,19,1.35,62.9,4.3,4,4
S1348,16,23,4.97,22.2,4.7,3,3
S1349,24,28,1,17.79,3.2,4,0
S1350,10,24,1.13,17.53,4.37,2,4
S1351,11,24,1,18.01,4.19,2,3
S1352,6,23,1.2,13.77,3.8,3,0
S1353,9,21,1.03,14,4.23,1,3
S1354,16,22,1,139.51,3.8,1,3
S1355,10,25,1,25.09,4,5,2
S1356,10,19,1,21.09,4.62,2,4
S1357,9,26,1.43,17.92,4.14,3,0
S1358,10,23,1.11,13.78,4.07,3,3
S1359,7,24,2,14.52,3.13,0,2
S1360,18,25,1.94,18.29,4.63,2,2
S1361,12,16,1,9.99,4.56,1,0
S1362,14,28,1.68,19.32,4.11,2,4
S1363,5,17,1,51.06,4.75,1,2
S1364,7,19,1.07,18.75,4,1,2
S1365,10,19,1.04,13.75,4.24,2,3
S1366,14,25,1.03,15.77,4.14,2,2
S1367,10,25,1,34.55,4.69,3,3
S1368,7,17,1.32,13.31,4.47,2,2
S1369,12,15,1,21.93,2.33,10,2
S1370,12,19,1,19.1,4.17,1,2
S1371,6,19,1.08,51.78,4.54,3,3
S1372,9,21,1,16.23,3.25,1,0
S1373,9,25,1,15.87,5,5,1
S1374,8,21,1.75,16.4,4.27,2,4
S1375,17,26,1.06,17.58,3.94,3,3
S1376,13,23,1.38,17.32,3.75,2,2
S1377,14,24,1.13,25.86,3.77,5,4
S1378,14,28,1,18.31,4.5,1,1
S1379,15,24,1.07,22.86,4.52,2,3
S1380,10,21,1.03,20.25,4.32,2,4
S1381,8,18,1,11.44,5,1,0
S1382,18,21,1,14.01,4.33,1,2
S1383,7,19,1,21.92,4.17,2,1
S1384,14,24,1.53,26.25,2.6,2,2
S1385,5,31,2.2,20.03,5,0,2
S1386,11,25,1,16,4.33,5,1
S1387,9,23,1,24.99,3.6,2,2
S1388,10,27,1.5,15.07,3.5,3,0
S1389,9,31,2.67,14.61,2.33,2,0
S1390,21,33,1,27.39,5,3,1
S1391,8,23,1,23.61,4.67,2,1
S1392,7,10,1,17.31,4.75,2,1
S1393,12,30,1,27.5,2.75,1,0
S1394,14,24,1.25,26.63,3.63,1,3
S1395,13,33,1,14.6,5,1,0
S1396,8,22,1,12.48,1,0,0
S1397,7,25,1,26.29,5,1,0
S1398,5,13,1.5,10.3,4.83,2,1
S1399,14,20,1,13.13,4,1,0
S1400,17,27,1,66.44,2,2,2
S1401,14,25,1,54.3,4.8,4,4
S1402,7,10,1.14,12.72,2.71,2,0
S1403,10,20,1.13,17.65,3.47,1,0
S1404,16,28,1.17,19.76,3.7,2,2
S1405,13,22,1,21.5,4.44,1,1
S1406,15,22,1.06,49.25,4.47,2,4
S1407,6,22,1,19.3,1,1,0
S1408,12,25,2.33,23.86,2.78,2,3
S1409,9,17,1.06,14.21,4.44,1,3
S1410,12,21,1.11,17.19,4.44,1,1
S1411,9,23,1.5,32.22,1,10,0
S1412,10,26,1.06,26.3,4.44,2,4
S1413,8,23,1,14.07,4.2,1,1
S1414,5,8,1,14.51,5,1,0
S1415,15,8,8,1.2,5,1,2
S1416,2,13,1,8.3,4,1,0
S1417,5,23,1,14.12,5,1,0
S1418,15,21,1.17,45.65,3.83,7,3
S1419,8,21,1.67,20.19,4.58,2,2
S1420,12,21,2.28,19.51,3.64,3,3
S1421,12,22,1,40.22,4.8,2,4
S1422,8,20,1.3,12.02,4.74,2,1
S1423,9,23,1.25,22.72,3,1,1
S1424,10,22,1.1,36.37,4.25,2,3
S1425,15,23,1,25.08,3.67,5,1
S1426,10,21,1,54.17,5,3,2
S1427,14,28,1.44,31.04,4.06,1,3
S1428,3,12,1,16.82,5,1,0
S1429,4,21,1.13,8.26,4.96,2,2
S1430,8,27,1.13,13.81,4.63,1,1
S1431,13,22,1.14,16.91,3.55,1,2
S1432,10,23,1.28,16.54,4.3,4,4
S1433,7,25,1.33,10.38,3.17,2,1
S1434,22,30,1.3,30.82,3.9,3,1
S1435,10,19,1.05,14.58,4.34,2,3
S1436,13,21,1.69,30.85,3.03,3,2
S1437,13,22,1.17,26.74,3.87,1,4
S1438,12,24,1.03,32.28,4.19,2,4
S1439,16,16,1,21.95,4.5,8,0
S1440,6,19,1.18,13.92,5,2,2
S1441,14,26,1.17,19.88,4.33,1,0
S1442,11,21,1.44,18.1,3.97,2,3
S1443,16,23,1.06,17.42,4.35,3,3
S1444,22,28,1,55.45,3.67,3,2
S1445,13,24,1.09,14.15,3.91,4,0
S1446,10,19,1.08,43.38,4.38,2,3
S1447,10,28,1.33,19.04,2.33,1,0
S1448,18,32,1,17.05,3.75,5,0
S1449,7,16,1.12,13.44,4.19,2,3
S1450,13,23,1,12.87,4.13,7,1
S1451,6,25,1.1,22.64,4.7,1,3
S1452,18,22,1.26,16.76,3.48,2,3
S1453,10,22,1,15.4,4.63,3,2
S1454,10,20,1.1,19.85,4.7,2,2
S1455,7,13,1,12.14,4.5,1,0
S1456,12,21,1.29,22.74,4,2,3
S1457,12,23,1,14.12,3.67,2,2
S1458,14,23,1.42,13,4.04,3,2
S1459,11,31,1,15.82,3,7,0
S1460,17,22,1,23.88,1.71,12,3
S1461,11,22,1,19.47,4.42,1,2
S1462,8,13,1,17.71,4.29,3,1
S1463,10,14,1.5,32.3,4.63,3,1
S1464,9,24,1.92,13.22,3.77,2,0
S1465,8,37,2.67,26.5,4.17,1,1
S1466,17,25,1,25.18,4.2,4,1
S1467,10,30,1.17,19.24,4.33,2,2
S1468,9,18,1.07,16.71,4.5,4,2
S1469,16,23,1.1,12.67,4.5,3,1
S1470,14,21,1,30.87,4.05,3,3
S1471,13,21,1.13,17.3,3.5,2,3
S1472,12,22,1,30.62,4,2,2
S1473,20,29,1,15.76,3,19,0
S1474,12,26,1,14.66,4.11,1,2
S1475,10,21,1,13.51,4.05,3,3
S1476,20,28,1,15.07,4.33,2,1
S1477,15,24,1.17,14.52,2.67,3,0
S1478,5,19,1,23.64,4,3,0
S1479,9,16,1.05,20.83,4.32,2,1
S1480,10,20,1.83,13.01,4,2,3
S1481,11,22,1,24.24,3.75,1,3
S1482,14,34,1,25.19,4.4,2,2
S1483,7,14,1,24.38,4.75,1,1
S1484,9,20,1.07,15.96,4.37,4,3
S1485,11,25,1,25.83,4.48,2,3
S1486,10,18,1.08,34.43,4.17,2,3
S1487,10,23,1.34,13.13,4.24,1,2
S1488,15,31,1.13,14.46,4.25,2,1
S1489,10,24,1.81,16.59,4.67,2,3
S1490,22,27,1.08,57.2,3.34,3,4
S1491,11,22,1.57,16.13,4.39,3,2
S1492,35,46,1,16.81,1,5,0
S1493,12,23,1,22.52,4.38,3,3
S1494,10,16,1,18.58,4.5,2,2
S1495,12,30,1,16.64,4.45,2,2
S1496,18,33,1,54.06,4.83,5,4
S1497,24,33,1,24.3,3,2,0
S1498,10,18,1.11,16.69,4.47,2,3
S1499,16,26,1.24,17.15,3.9,3,4
S1500,15,26,1.06,19.83,4.03,2,4
S1501,11,22,1.47,17.29,3.93,1,3
S1502,6,17,1,10.17,4.27,3,2
S1503,13,25,1.03,21.08,3.87,3,3
S1504,9,19,1.81,17.32,3.67,1,2
S1505,4,11,1.5,11.44,4.56,3,3
S1506,9,29,1.1,17.35,4.6,1,0
S1507,10,26,1.17,13.23,3.83,4,1
S1508,9,22,1.25,16.43,4.75,2,1
S1509,12,22,1,14.67,4.5,1,0
S1510,12,26,1.13,20.63,4.03,3,4
S1511,10,26,1.78,34.27,4.11,3,3
S1512,12,21,1,19.22,4.29,2,4
S1513,5,13,1,133.22,5,1,2
S1514,11,27,1,22.83,4,3,1
S1515,8,21,1,48.16,3,2,1
S1516,8,25,1,27.16,4.5,3,2
S1517,13,20,1,16.87,3.91,2,3
S1518,13,25,1,18.86,4.41,3,3
S1519,6,24,1,17.92,5,1,0
S1520,8,17,1.12,14.14,4,1,3
S1521,17,18,1,11.3,2.75,5,0
S1522,15,31,1.75,15.14,3.75,2,0
S1523,13,22,1.1,26.22,4.18,2,4
S1524,10,26,1,14.14,3.5,0,0
S1525,15,25,1,20.38,3.67,1,2
S1526,14,20,1,22.67,3.67,3,3
S1527,8,17,1.75,27.15,5,4,2
S1528,5,25,1.25,14.98,5,2,1
S1529,9,21,1.1,25.82,4.9,1,3
S1530,16,25,1.14,19.61,3,2,3
S1531,14,22,1,22.69,4,1,0
S1532,13,25,1,81.25,4.2,2,4
S1533,7,19,1,19.9,5,0,0
S1534,10,26,1.17,21.4,3.67,2,3
S1535,23,27,1,22.45,5,2,2
S1536,11,39,1.33,31.23,2.33,2,0
S1537,12,26,1,18.4,4.13,2,3
S1538,9,27,1,20.55,4.22,4,3
S1539,12,27,1.25,15.92,3.71,2,3
S1540,17,31,1.43,14.69,4.43,2,0
S1541,6,22,1,21.73,4.8,1,2
S1542,13,21,1.33,26.84,3.17,2,4
S1543,13,25,1,25.41,3.89,2,2
S1544,6,12,1,10.41,5,2,0
S1545,12,27,1,30.54,4,1,3
S1546,7,20,1,16.16,4,2,0
S1547,13,29,1.13,15.28,3.88,2,2
S1548,12,30,1.09,23.13,4.82,2,2
S1549,7,18,1,15.82,4.67,1,0
S1550,13,23,1,14.42,3.73,1,2
S1551,16,28,1,20.3,3.06,4,4
S1552,20,24,1,48.71,3.57,2,3
S1553,7,13,1.25,16.97,2,2,2
S1554,12,17,1,16.9,5,2,0
S1555,11,25,1.03,20.56,4.63,3,3
S1556,18,30,1.18,31.11,3.45,2,3
S1557,17,20,1.13,14.98,3.25,8,2
S1558,11,20,1,12.69,4.35,2,3
S1559,12,21,1,75.47,4.5,2,1
S1560,6,29,1,21.24,4.29,2,1
S1561,4,15,1,11.55,4.75,1,1
S1562,10,23,2.46,15.11,3.41,2,3
S1563,5,20,1.14,37.71,3.86,1,2
S1564,15,18,1,10.9,3.56,2,2
S1565,13,22,1.21,15.89,3.81,2,3
S1566,10,21,1.5,16.13,3.92,2,1
S1567,13,22,1.05,27.51,4,2,3
S1568,9,30,1.17,18.84,4.67,2,1
S1569,15,26,1,17.87,5,1,0
S1570,11,25,1,41.32,4.38,1,2
S1571,14,21,1.11,21.74,3.79,3,3
S1572,14,24,1,16.14,3.79,1,2
S1573,10,24,1,49.08,4.5,1,3
S1574,9,21,1.1,17.34,4,1,1
S1575,30,27,1.17,27.78,3,5,2
S1576,13,24,1.18,27.23,3.88,2,4
S1577,10,22,1.1,14.27,3.71,3,3
S1578,11,20,1,17.84,3.5,2,3
S1579,12,27,1.57,19.21,3.79,2,3
S1580,15,21,1,49.43,3.92,2,3
S1581,15,28,1,59.78,3.83,2,4
S1582,7,8,1,22.34,5,5,0
S1583,16,31,1.25,20.11,3,1,2
S1584,10,22,1,13.21,4,0,0
S1585,14,23,1,12.4,3.63,2,0
S1586,7,21,1,23.29,4.9,2,3
S1587,10,23,1.04,16.28,4.78,2,3
S1588,5,11,1,15.11,4.8,2,3
S1589,15,28,1,52.81,4,4,4
S1590,6,16,1.08,17.92,4.92,2,2
S1591,8,25,1,18.98,5,0,0
S1592,18,11,1,18,4,1,1
S1593,5,15,1.09,10.36,4.82,2,2
S1594,19,28,1,28.96,2.67,4,3
S1595,7,22,1,19.19,5,1,0
S1596,7,18,1.09,9.96,4.91,2,1
S1597,12,24,1,39.53,4,3,2
S1598,13,18,1,68.15,4,1,2
S1599,12,28,1.05,22.08,4.35,2,3
S1600,13,19,1.17,14.62,4.75,1,1
S1601,5,14,2.78,8.6,5,1,0
S1602,7,22,1.5,12.46,4.83,2,1
S1603,15,34,1,21.71,4.4,2,3
S1604,13,23,1.18,21.81,3.91,2,4
S1605,15,22,1,18.74,4,1,3
S1606,10,28,1,16.18,5,1,0
S1607,11,24,1.1,22.54,4,2,3
S1608,8,22,1,17.29,4.67,1,0
S1609,8,25,1.3,17.7,4.37,2,4
S1610,16,27,1.06,34.92,3.5,2,3
S1611,10,23,1.05,15.72,4.32,6,3
S1612,10,21,1,13.04,4.82,1,1
S1613,18,26,1,41.48,4,1,1
S1614,11,23,1,19.14,4.11,1,2
S1615,10,22,1.11,19.73,4.78,2,3
S1616,8,24,1.65,22.9,3.87,2,3
S1617,5,21,1,15.55,3,4,0
S1618,9,14,1.22,40.73,4.22,3,1
S1619,20,29,1,15.33,3,6,1
S1620,9,22,1.25,16.37,3.75,1,1
S1621,10,29,1,15.59,5,2,0
S1622,12,19,1,11.68,4.33,2,0
S1623,7,28,1.4,13.57,4.2,3,1
S1624,6,21,1.33,10.96,4.33,1,0
S1625,3,12,1.25,16.91,5,2,1
S1626,6,14,1,14.71,4.63,2,2
S1627,21,25,1,30.91,4.67,2,4
S1628,6,15,1,14.25,3.33,1,2
S1629,9,25,1,19.22,4,1,0
S1630,10,32,1.11,27.11,4.44,2,3
S1631,14,27,1,58.98,4.17,1,3
S1632,9,23,1,13.66,4.27,2,1
S1633,5,21,1,24.06,3.67,2,2
S1634,7,17,1,28.79,4.5,1,4
S1635,17,22,1,19.61,4.4,1,0
S1636,15,15,1,11.59,3.67,1,1
S1637,6,22,1,22.86,3.78,5,1
S1638,16,27,1,19.57,3.67,2,2
S1639,5,15,1.2,12.53,3.8,0,1
S1640,4,21,1.5,9.34,4,2,0
S1641,11,24,1,17.96,5,2,0
S1642,10,19,1,37.8,5,1,3
S1643,10,25,1,14.73,3.5,5,0
S1644,12,51,1,18.11,4,1,0
S1645,6,12,1.2,9.66,3.4,1,0
S1646,14,23,2,18.35,3.17,2,3
S1647,21,28,1,16.29,4.5,4,2
S1648,6,19,1,15.71,4.4,4,1
S1649,8,26,1.11,15.79,4.78,2,0
S1650,10,20,1,20.45,4.8,4,3
S1651,10,20,1,30.09,4.13,2,3
S1652,18,33,1.23,23.25,4.23,4,3
S1653,13,26,1.08,18.49,3.47,2,4
S1654,14,32,1,33.95,3.33,1,3
S1655,7,17,1,17.95,4.21,4,3
S1656,6,18,1,10.11,4.33,1,0
S1657,13,22,1.05,33.48,4.05,2,3
S1658,9,14,1,19.42,5,4,0
S1659,7,16,1.33,14.89,4.17,1,3
S1660,10,20,1,19.9,3.67,2,1
S1661,11,24,1,17.85,4,3,0
S1662,7,16,1,18.51,1,1,0
S1663,7,25,1.25,13.39,5,2,0
S1664,11,22,1.17,17.44,4.17,5,2
S1665,14,20,1,26.46,3.86,1,3
S1666,13,19,1,8.29,1,1,0
S1667,9,23,1,15.18,4.44,3,3
S1668,13,23,1.13,15.86,4.13,4,2
S1669,10,30,1,41.26,4.33,3,3
S1670,12,25,1,21.9,4.3,3,3
S1671,11,22,1.11,17.35,4.32,2,3
S1672,4,3,1,13.25,4,0,1
S1673,10,23,2.11,15.92,4.56,3,1
S1674,21,26,1,15.33,2.5,0,0
S1675,12,25,1,20.73,4.63,2,3
S1676,28,29,1,18.33,5,0,0
S1677,12,28,1.17,26.02,3.83,2,3
S1678,13,26,1.32,25.9,4.32,2,4
S1679,5,13,1,11.9,4.4,0,0
S1680,11,29,1.31,22.83,4.15,1,3
S1681,10,27,1.1,25.58,3.9,7,4
S1682,10,21,1.22,23.03,4.44,1,4
S1683,11,29,1.38,17.44,3.25,3,3
S1684,16,22,1,17.27,1,1,1
S1685,8,16,1,26.27,4.5,1,0
S1686,9,22,1,19.22,4.83,2,3
S1687,6,22,1,17.76,4.67,2,0
S1688,7,23,1.57,18.99,4.79,1,3
S1689,4,9,1,10.98,4.64,3,2
S1690,7,19,1,9.61,5,1,0
S1691,10,21,2.38,13.34,4.15,2,1
S1692,8,17,1,19.84,4.75,1,3
S1693,16,22,1.94,28.48,3.11,3,3
S1694,11,27,1.11,18.9,4.89,3,3
S1695,9,22,1,16.17,5,1,0
S1696,7,12,1.13,13.64,4.25,2,1
S1697,13,22,1.13,16.8,4.8,4,3
S1698,14,27,1.11,23.59,4.11,1,2
S1699,15,24,1.8,17.35,2.2,4,1
S1700,6,19,1,16.55,4.47,1,3
S1701,10,24,1,23.14,4.75,2,2
S1702,23,30,1.05,31.44,3.29,2,4
S1703,10,24,1.09,17.15,4.18,3,2
S1704,25,16,1,25.33,3.67,1,2
S1705,9,20,1.08,18.45,4.33,2,3
S1706,14,7,1,15.92,1,2,2
S1707,13,31,1.38,48.19,3.62,1,3
S1708,10,26,1.25,15.43,3.75,2,2
S1709,6,11,1,14.57,5,2,1
S1710,14,25,1,21.04,5,1,0
S1711,16,37,1.45,20.43,3.82,2,0
S1712,14,18,1,18.94,4.22,1,3
S1713,13,19,1,19.08,4.29,1,3
S1714,8,26,1.2,16.71,3.8,1,0
S1715,14,22,1,53.04,5,1,0
S1716,8,21,1,54.17,4,3,3
S1717,12,21,1.4,37.22,3.2,3,1
S1718,8,18,1.07,13.26,4.58,2,2
S1719,9,12,1.8,9.17,3.4,0,0
S1720,2,16,2,12.79,1,1,0
S1721,8,23,1,15.48,5,9,0
S1722,16,23,1.08,27.08,4.15,2,3
S1723,11,17,1,18.99,4.8,4,1
S1724,10,18,1.33,18.84,3.67,2,0
S1725,10,19,1.14,25.72,4.14,1,2
S1726,17,32,1.11,16.3,4.56,2,2
S1727,15,38,1,57.17,4.5,1,4
S1728,12,26,1.5,15.1,2,1,0
S1729,22,23,1,20.25,3,2,0
S1730,10,16,1,24.32,4.67,1,0
S1731,4,31,1,19.38,5,1,0
S1732,8,15,1,18.31,5,2,0
S1733,7,26,1.5,17.88,4,0,0
S1734,6,15,1.13,19.14,3.88,3,3
S1735,16,29,1.07,26.65,4.59,1,3
S1736,7,14,1.3,10.5,4.9,1,0
S1737,7,16,1,19.36,4,1,0
S1738,15,27,1,17,4.38,2,1
S1739,14,21,1,15.24,3,1,0
S1740,13,29,1,66.6,4.28,2,4
S1741,9,26,1.33,17.61,4.72,2,2
S1742,5,15,1.31,11.78,3.85,3,2
S1743,8,22,1,13.49,4.56,2,2
S1744,14,20,1,24.02,3.57,3,3
S1745,10,19,1.74,13.09,3.94,1,3
S1746,10,19,1,17.6,5,1,0
S1747,8,24,1,14.16,3,1,0
S1748,13,21,1,19.22,1,1,0
S1749,11,24,1,18.49,4.2,5,2
S1750,10,30,1,21.76,4.75,3,2
S1751,20,27,1,57.4,3.92,3,3
S1752,11,23,1,45.87,4.86,1,3
S1753,8,17,1.35,15.54,4.13,2,1
S1754,9,24,1,24.43,4.4,5,1
S1755,6,23,1,15.43,1,0,0
S1756,10,22,1,30.38,3.94,2,3
S1757,18,26,1.06,29.3,4.11,2,4
S1758,10,21,1,36.97,4.33,2,1
S1759,7,17,1.44,13.81,4.44,2,1
S1760,9,25,1.2,28.97,2,3,2
S1761,19,29,1.23,20.3,3.15,2,2
S1762,12,17,1.6,31.36,3.2,5,1
S1763,6,13,1,13.65,4.5,1,0
S1764,9,23,1,34.05,4.6,2,0
S1765,12,16,1.14,18.59,3.71,1,2
S1766,7,16,1,13.03,4.2,6,0
S1767,7,18,1.1,21.21,4.7,2,3
S1768,13,31,1.13,18.54,3.88,2,2
S1769,15,22,1,13.59,3.44,3,1
S1770,10,31,1,14.56,5,1,0
S1771,21,23,1.22,18.54,2.89,1,2
S1772,8,20,1,11.69,4.33,2,0
S1773,6,9,1,21.69,4.5,2,2
S1774,12,35,1,12.73,4,2,1
S1775,10,25,1.14,18.91,4.43,1,1
S1776,6,17,1,16.52,3.8,1,3
S1777,8,10,1,21.64,4.5,2,2
S1778,3,16,1,19.08,5,2,0
S1779,8,23,1.15,16.21,4.13,3,3
S1780,8,20,1,16.26,5,2,1
S1781,5,10,1.54,11.16,3.69,1,2
S1782,14,27,1.6,16.03,3.8,2,1
S1783,12,53,1,11.17,3,3,0
S1784,7,27,1,14.44,4.4,2,0
S1785,26,30,1,19.32,3.5,1,0
S1786,13,28,1.4,20.87,4.5,1,1
S1787,8,22,1,12.92,5,1,0
S1788,9,23,1,19.27,4.71,3,1
S1789,11,23,1.86,14.86,4.71,1,1
S1790,4,14,1,20.95,4.83,1,3
S1791,9,7,1,18,5,2,0
S1792,10,26,1,14.81,3.33,2,0
S1793,11,21,1,21.7,3.67,6,1
S1794,7,17,1,14.17,4.5,2,1
S1795,16,20,1,16.68,5,5,0
S1796,7,15,1,16.41,4.57,2,1
S1797,9,27,1,24.2,4.4,2,4
S1798,8,21,1,26.87,4.2,1,2
S1799,10,43,1,21.57,4.67,3,0
S1800,8,28,1,17.35,3.5,6,0
S1801,8,19,1,26.84,5,2,0
S1802,10,22,1.1,14.04,4.3,2,3
S1803,10,20,1.17,26.97,4,1,2
S1804,9,22,1.3,15.77,4.1,1,1
S1805,11,29,1,41.26,4.33,1,3
S1806,19,25,1,194.31,5,0,4
S1807,14,30,1.75,24.01,4,2,3
S1808,17,23,1.33,20.52,2.33,1,1
S1809,7,12,1,27.02,4.2,3,1
S1810,22,24,1,16.42,2.67,1,0
S1811,13,25,1.07,16.65,4.33,3,3
S1812,17,30,1,19.87,4.8,4,1
S1813,14,26,1.09,16.07,4.73,3,1
S1814,8,20,1,15.09,4.71,1,2
S1815,8,20,1.11,16.76,3.94,1,2
S1816,9,23,1,17.84,4.9,1,3
S1817,4,17,1.2,10.83,5,1,0
S1818,24,28,1.13,37.87,2.69,2,4
S1819,11,25,1,15.29,4.67,1,2
S1820,9,18,1,30.67,5,4,3
S1821,8,17,1,13.24,4.43,2,0
S1822,21,24,1,16.31,3.71,1,2
S1823,12,19,1,15.23,5,8,0
S1824,15,30,1.25,22.59,4,1,2
S1825,14,23,1.18,16.35,4.05,2,3
S1826,9,32,1,15.24,4.75,2,0
S1827,6,18,1,14.32,4.75,2,1
S1828,7,15,1.17,12.33,4.83,0,1
S1829,6,11,1,15.59,3.5,1,0
S1830,20,27,1.55,17.01,4.82,1,1
S1831,8,23,2.25,17.9,2.88,3,0
S1832,8,21,1,22.07,3.83,1,2
S1833,12,19,1.36,25.69,3.93,2,3
S1834,12,24,1,21.17,4.67,1,3
S1835,12,24,1.76,15.43,3.37,1,2
S1836,10,20,1.14,113.64,3.86,1,3
S1837,14,18,1,8.72,3,3,0
S1838,8,22,1,13.04,4,1,0
S1839,4,25,1.25,11.82,4.25,2,3
S1840,7,13,1,24.51,5,3,2
S1841,21,31,1,19.84,3.5,2,1
S1842,16,33,1,47.91,4.8,2,2
S1843,8,15,1.2,17.98,5,4,1
S1844,11,21,1.09,16.97,4.36,6,2
S1845,14,23,1,16.51,4.38,1,1
S1846,33,29,1,15.56,1,3,0
S1847,14,32,1,29.55,5,2,3
S1848,15,19,1,13.57,4.36,3,3
S1849,19,28,1,45.58,4.55,2,3
S1850,10,22,1.11,20.19,4.11,2,2
S1851,16,29,1.1,18.92,4.2,3,2
S1852,7,16,1,28.13,4.33,0,0
S1853,16,22,1,89.07,4.4,3,4
S1854,9,21,1.62,17.26,4,6,2
S1855,12,50,1,22.06,3,2,0
S1856,3,7,1,7.6,5,0,0
S1857,9,22,1,16.33,4.75,2,3
S1858,11,25,1,18.18,5,3,0
S1859,10,32,1,69.74,1,1,3
S1860,17,19,1,23.87,4,4,0
S1861,13,23,1.08,17.06,4.42,2,3
S1862,8,19,1.1,10.23,4.4,2,0
S1863,14,25,1.08,23.74,3.15,4,2
S1864,14,22,1,13.74,3.75,1,2
S1865,10,26,1,27.14,5,2,3
S1866,5,16,1,7.39,5,0,0
S1867,5,14,1,7.39,4.33,1,0
S1868,13,26,1,28.34,4,1,2
S1869,13,26,1,14.93,4.43,2,1
S1870,12,25,1.11,17.96,4.78,2,1
S1871,7,16,1.2,26.68,4.4,2,3
S1872,7,21,1.17,17.09,4.17,2,0
S1873,4,11,1,14.06,4.75,6,1
S1874,21,24,2.16,25.79,2.47,1,2
S1875,3,13,1,31.88,4.33,2,1
S1876,9,23,1,16.3,4.33,2,2
S1877,8,23,1.2,19.52,4.8,2,0
S1878,13,23,1,24.6,4.92,2,3
S1879,15,29,1,25.72,4.08,2,2
S1880,8,21,1.23,15.26,4.55,2,3
S1881,12,24,1,29.51,4.06,4,4
S1882,15,29,1.1,18.4,4.05,1,4
S1883,11,28,1,22.13,5,8,2
S1884,6,22,1.25,13.03,4.44,3,3
S1885,13,20,1,14.36,3.5,1,0
S1886,14,19,1.13,13.69,3.88,1,2
S1887,13,20,1.4,13.43,3.6,2,0
S1888,17,53,1,11.17,5,2,0
S1889,5,17,1.36,26.58,4.73,3,3
S1890,20,28,1,29.83,4.2,1,3
S1891,12,33,1.2,10.04,4.5,2,1
S1892,26,28,1,21.64,4,1,1
S1893,4,13,1.25,8.85,4,1,0
S1894,25,33,1,40.79,4.5,2,3
S1895,10,27,1.5,19.82,2.5,1,1
S1896,9,16,1.25,14.01,5,1,0
S1897,8,36,1,17.35,5,2,1
S1898,10,28,1.4,27.06,4.8,4,3
S1899,3,22,1,12.16,5,35,0
S1900,11,39,1,6.66,1,2,0
S1901,8,22,1,13.16,4.14,2,2
S1902,34,28,1,12.98,3,3,0
S1903,20,23,1.67,14.33,1.67,2,1
S1904,16,24,1,24.27,3.83,6,3
S1905,16,23,1.09,19.04,4.09,3,3
S1906,7,19,1.17,24.91,4.33,6,1
S1907,13,25,1.13,24.06,4.38,2,3
S1908,8,27,1,17.16,5,12,0
S1909,11,21,1.17,7.65,4.67,2,0
S1910,7,21,1,21.73,4.67,2,1
S1911,13,28,1.04,21,4.42,2,4
S1912,13,28,1,34.06,4,0,2
S1913,6,13,1.25,11.77,4.83,1,2
S1914,13,33,1.5,21.52,3,2,1
S1915,16,25,1,40.29,4.6,4,3
S1916,11,36,1,22.27,5,1,2
S1917,12,21,1.29,32.72,3.47,1,3
S1918,8,25,1.14,35.36,3.71,1,2
S1919,13,26,1.19,18.67,3.19,3,3
S1920,8,30,1.25,15.08,2.25,1,0
S1921,13,26,1.11,18.88,4.33,2,2
S1922,26,31,1,24.79,5,1,3
S1923,12,23,1.33,16.71,5,4,0
S1924,12,22,1.2,20.3,4.6,1,1
S1925,10,19,1,30.71,4.27,1,3
S1926,18,21,1.52,30.11,3.48,3,3
S1927,15,27,1,91.24,4.25,1,4
S1928,9,23,1,18.29,4.4,1,2
S1929,12,23,1.17,12.62,4,1,0
S1930,7,16,1.25,9.07,4.5,10,0
S1931,11,26,1.88,15.54,2.75,1,2
S1932,29,28,1,123.8,5,4,1
S1933,8,33,2.17,15.74,3.5,1,2
S1934,14,23,1.11,15.62,2.89,4,3
S1935,17,26,1.13,79.1,4.63,2,4
S1936,26,36,3,46.05,1,1,2
S1937,10,23,1,28.86,5,1,3
S1938,7,20,1,79.24,2.67,3,3
S1939,10,18,1,12.6,4.31,2,1
S1940,11,17,1,16.02,5,1,0
S1941,9,21,1,13.61,4.73,2,2
S1942,6,24,1,72.68,4.2,2,4
S1943,13,24,1,16.74,5,1,0
S1944,20,38,1,150.22,5,3,2
S1945,14,30,2.42,27.49,4.33,6,1
S1946,12,13,1.2,28.36,3.4,2,2
S1947,25,55,1.5,14.59,4,46,0
S1948,14,25,1.2,22.01,4.35,3,2
S1949,12,26,2.86,16.29,3.43,4,2
S1950,13,21,1,13.54,4,5,0
S1951,3,9,1,19.3,5,0,0
S1952,8,27,1,20.66,4.86,1,2
S1953,8,15,1,15.29,5,1,1
S1954,4,13,1,10.47,5,1,0
S1955,7,29,1,51.1,5,0,0
S1956,13,18,1.25,12.76,4.25,2,1
S1957,14,20,1.47,16.59,3.47,4,3
S1958,12,23,1.08,26.78,4.33,2,2
S1959,13,19,1,16.81,5,5,0
S1960,7,21,2.55,15.68,2.82,1,2
S1961,26,28,1,28.47,3.67,1,0
S1962,6,24,1,13.1,4.75,3,1
S1963,11,21,1,21.15,5,5,0
S1964,7,17,1.25,17.5,4,1,0
S1965,10,19,1,52.74,2.4,1,4
S1966,6,22,1.33,19.58,3.67,2,0
S1967,9,29,1,21.81,4.67,1,1
S1968,9,16,1.33,20.59,4.78,2,1
S1969,7,18,1,14.91,5,0,0
S1970,12,26,1,28.42,3.57,5,3
S1971,4,4,1,7.77,4,1,0
S1972,11,28,1.18,17.99,3.64,1,2
S1973,11,30,1.5,44.43,4.33,3,2
S1974,14,25,1,20.28,4.5,2,0
S1975,11,19,1.17,37.64,5,1,2
S1976,25,34,1,20.36,3.43,1,2
S1977,9,26,1,148.71,5,0,2
S1978,5,21,1,70.75,5,1,2
S1979,9,25,1,28.55,4.49,2,3
S1980,16,24,1.12,15.67,4.47,2,2
S1981,5,18,1,22.51,5,16,0
S1982,12,36,1,33.08,4,1,0
S1983,13,26,1,14.56,3.17,1,0
S1984,25,22,1,59.74,5,0,0
S1985,6,19,1.33,24.37,5,2,0
S1986,4,18,1.75,8.06,3.5,2,0
S1987,13,25,1,29.94,3,1,0
S1988,8,13,1.07,10.75,4.67,2,1
S1989,6,21,1.5,14,4.83,1,0
S1990,2,24,1,7.74,1,1,0
S1991,14,20,1,12.68,4,2,0
S1992,10,27,1,16.72,3,4,2
S1993,19,29,1.13,59.93,4,3,3
S1994,12,19,1.5,13.75,3.5,1,0
S1995,11,22,1,18.63,4.36,1,3
S1996,7,19,1,11.28,4.8,5,0
S1997,52,55,1,14.52,1,0,0
S1998,8,12,1,13.33,3,2,0
S1999,19,25,1,18.97,3.88,2,3
S2000,14,22,1,31.71,1,0,0
S2001,9,23,1,15.52,4.5,1,1
S2002,13,26,1.17,18.03,4.83,4,1
S2003,7,24,1,16.49,5,2,1
S2004,10,31,1,26.69,5,3,0
S2005,6,13,1.27,19.71,4.55,2,2
S2006,12,15,1,12.18,4.5,5,0
S2007,18,26,1.17,15.43,3.83,2,3
S2008,7,19,1.33,17.91,4.33,0,1
S2009,12,20,1.1,14.74,4.3,1,1
S2010,9,24,1,18.03,4.5,1,0
S2011,7,18,1,15.23,5,0,0
S2012,5,17,1.11,21.56,4.67,2,2
S2013,2,10,1,7.71,5,3,0
S2014,14,24,1,27.89,3.75,1,1
S2015,22,33,1,34.78,4,1,0
S2016,19,22,1,15.1,5,2,0
S2017,5,20,1.18,20.9,4.45,2,3
S2018,17,26,1,165.91,3.2,5,4
S2019,5,27,1,16.35,5,2,0
S2020,4,28,1,14.14,5,3,0
S2021,18,29,1,16.03,4.5,2,0
S2022,12,25,1.8,19.89,4.6,2,3
S2023,25,24,1,58.1,4,1,0
S2024,11,24,1,29.75,5,2,3
S2025,8,32,1.29,13.71,5,3,0
S2026,10,17,1.2,25.92,4.6,5,1
S2027,13,26,1.5,21.37,4.8,2,2
S2028,5,26,1,19.07,5,2,1
S2029,10,26,1,37.41,4.5,1,2
S2030,13,24,1,111.93,4.38,4,4
S2031,11,20,1,28.49,4.67,2,3
S2032,7,35,1,12.78,5,2,0
S2033,11,23,1,16.48,4.2,3,3
S2034,6,28,1,17.03,5,0,0
S2035,11,22,1,22.94,3.9,1,3
S2036,9,16,1.11,15.77,4.89,2,1
S2037,15,30,1,23.61,4.25,0,2
S2038,16,23,2.5,21,4.7,1,3
S2039,6,22,1,14.28,4,1,0
S2040,7,53,1,9.07,5,1,0
S2041,9,22,1,29.91,5,2,0
S2042,7,31,2,30.41,3,1,0
S2043,4,17,1,14.58,4.5,2,0
S2044,12,27,1,17.35,5,1,0
S2045,10,27,1,24.2,4.33,2,0
S2046,13,24,1,14.02,4.43,3,1
S2047,6,23,1,10.96,5,2,0
S2048,12,24,1,20.21,4.25,2,0
S2049,4,19,1,14.16,5,0,1
S2050,7,16,1,18.39,4,2,1
S2051,13,28,1,22.4,5,3,0
S2052,6,23,1.38,20.18,3.63,2,2
S2053,13,27,1,29.78,4.33,1,0
S2054,6,21,1.5,42.6,4.5,3,0
S2055,21,17,1.33,14.87,3.67,1,0
S2056,3,14,1,27.71,5,3,1
S2057,8,21,1,20.91,4,3,0
S2058,14,22,1,13.09,4.8,2,0
S2059,8,18,1,12,5,1,1
S2060,11,20,1.14,16.56,4.43,2,3
S2061,7,17,1,16.85,5,2,0
S2062,10,26,1,16.68,4.33,3,1
S2063,7,16,1,15.24,2.5,1,0
S2064,9,22,1,55.46,4.67,3,4
S2065,11,26,1.5,87.71,5,0,0
S2066,20,29,1.14,16.13,4.14,3,2
S2067,13,19,2.2,14.9,2.6,1,0
S2068,8,22,1.08,19.68,4.77,2,2
S2069,28,22,1,61.28,3,4,1
S2070,10,19,1,14.75,4.46,2,2
S2071,15,17,1,14,3.33,3,0
S2072,13,27,1.2,26.48,4.6,2,2
S2073,17,14,1,14.84,4.25,2,0
S2074,21,18,1,10.16,1,2,0
S2075,14,30,1,22.71,4.5,1,2
S2076,10,18,1,19.89,5,0,0
S2077,11,24,1,17.7,4.43,2,2
S2078,21,16,1,193.21,1,0,4
S2079,11,21,1,17.35,4.63,2,2
S2080,22,43,1.73,20.49,4.55,2,3
S2081,9,24,1,23.8,4.5,2,0
S2082,30,20,1,15.95,1.5,4,0
S2083,8,14,1,8.69,5,1,0
S2084,16,33,1,17.02,4.57,2,3
S2085,8,22,1.5,15.62,5,4,1
S2086,13,21,1.62,13.53,4.77,1,2
S2087,19,25,1.25,24.85,4,2,2
S2088,12,22,2.46,15.76,4.17,1,2
S2089,7,22,1.3,11.91,4.1,2,1
S2090,12,26,1.13,16.02,4.13,2,1
S2091,8,30,1.2,22.67,3.8,2,2
S2092,8,14,1.18,12.48,3.64,2,1
S2093,12,31,1,15.37,5,0,0
S2094,10,24,1.08,14.5,3.85,3,2
S2095,14,24,1.19,18.28,4.06,2,3
S2096,9,22,1,14.94,4.5,2,0
S2097,15,19,1.25,14.17,4.75,2,0
S2098,6,14,1.11,13.21,4.78,1,1
S2099,8,21,1,15.64,4.8,4,2
S2100,10,16,1,16.44,4.8,3,0
S2101,6,21,3,13.99,4,1,0
S2102,14,20,1,16.03,5,3,0
S2103,18,25,1.14,20.03,4.86,2,0
S2104,17,28,1,26.36,3.33,4,3
S2105,12,27,1,21.65,4.71,2,3
S2106,7,21,1,25.1,4,4,1
S2107,13,27,1,15.18,4.8,2,1
S2108,14,31,1,44.32,4,3,1
S2109,22,38,1,12.54,3.5,4,0
S2110,17,32,1.5,18.42,4.33,0,0
S2111,9,26,1,18.41,4.29,3,3
S2112,3,3,1,9.17,5,1,0
S2113,11,20,1,18.6,3.73,4,4
S2114,5,22,1.2,24.67,4,3,1
S2115,18,21,1,13.37,5,2,0
S2116,15,27,1,30.67,3.86,2,4
S2117,5,14,1.06,10.6,4.65,3,1
S2118,16,28,1,106.74,4,2,1
S2119,11,22,1,28.78,4.5,2,3
S2120,18,21,1.11,12.82,3.44,1,0
S2121,5,16,1.33,20.64,5,1,1
S2122,14,18,1,53.6,4.25,7,3
S2123,16,30,1,70.12,4,2,1
S2124,9,26,1.25,22.97,2.5,1,0
S2125,16,25,1,19.32,4.5,4,1
S2126,13,45,1,26.62,5,1,0
S2127,12,33,1,14.43,4,1,0
S2128,13,16,1.2,32.04,2.7,1,3
S2129,10,18,1,11.97,4.4,4,0
S2130,15,21,1,15.58,5,3,0
S2131,15,35,1,58.04,5,0,0
S2132,25,27,1.5,21.61,4,0,0
S2133,14,28,1,25.21,2.5,1,1
S2134,15,23,1,67.94,5,3,2
S2135,13,23,1.13,22.99,3.88,2,0
S2136,7,12,1.5,141.58,5,3,1
S2137,3,17,1,7.78,4,2,0
S2138,7,20,1.29,9.52,5,2,0
S2139,9,15,1,11.53,4,1,0
S2140,10,19,1,64.91,2,1,2
S2141,8,22,1,17.39,3.6,3,1
S2142,15,21,1,14.44,1,0,0
S2143,9,27,1,44.71,5,2,3
S2144,19,30,1.38,26.23,3.75,6,4
S2145,6,28,1.33,15.1,4.33,2,0
S2146,22,30,2,20.02,1,1,1
S2147,10,21,2,14.73,5,6,0
S2148,13,24,1,10.96,5,1,1
S2149,12,26,1,38.18,4.36,2,3
S2150,16,16,1,29.67,3.67,1,2
S2151,7,9,1,12.05,4.33,2,0
S2152,5,15,1,11.42,4.5,3,0
S2153,8,16,1.4,10.07,4.2,0,0
S2154,5,11,1,14.51,5,1,1
S2155,8,20,1.33,11.68,4.83,7,0
S2156,14,26,1,42.65,5,0,2
S2157,19,29,1,16.25,5,1,0
S2158,8,19,1,14.64,4.75,1,1
S2159,3,12,1,8.29,5,1,0
S2160,9,22,1.25,11.72,5,3,1
S2161,9,25,1,17.52,5,5,1
S2162,10,25,1,16.66,3.78,2,3
S2163,7,24,1,13.54,5,3,3
S2164,8,19,1,18.17,4.75,1,0
S2165,16,15,1,17.86,4,1,1
S2166,13,33,1,20.42,4.43,1,3
S2167,6,14,1.4,13.97,5,1,0
S2168,5,13,1,7.88,4,3,0
S2169,6,18,1,15.78,5,3,0
S2170,10,27,1.1,11.28,4.8,4,1
S2171,4,10,1,13.12,4.5,2,0
S2172,3,12,1,7.39,1,2,0
S2173,8,23,1,24.37,4,1,0
S2174,18,24,1.14,25.18,3.57,6,3
S2175,4,17,1,9.77,4.33,0,0
S2176,4,7,1,7.44,4.5,2,0
S2177,17,27,1,42.19,3.67,2,3
S2178,9,36,1,15.1,5,4,0
S2179,11,22,1,15.58,4.33,2,2
S2180,6,17,1,12.94,4.5,4,0
S2181,10,24,1.5,16.11,5,1,0
S2182,11,22,1,13.59,4.25,2,3
S2183,16,30,1,23.13,2,1,1
S2184,6,26,1.33,13.01,3.67,2,1
S2185,8,19,1,14.13,5,0,0
S2186,8,22,1,11.76,4.6,2,0
S2187,11,25,1,16.29,4,2,3
S2188,9,21,1,25.63,4,2,1
S2189,11,24,1,29.69,5,4,0
S2190,12,19,1,41.14,4.5,1,1
S2191,6,16,1,16.35,4.89,1,3
S2192,8,24,1,16.03,5,6,0
S2193,12,17,1,35.71,5,1,1
S2194,11,26,1,23.22,4,0,0
S2195,5,18,2,11.35,5,2,2
S2196,12,38,1,53.29,5,2,1
S2197,10,20,1,57.8,3,3,4
S2198,22,35,2,84.96,2,3,0
S2199,8,28,1,26.99,4,1,1
S2200,8,18,1.14,15.94,4.71,1,1
S2201,19,24,1,14.39,3,1,0
S2202,11,20,1,22.66,4.25,3,3
S2203,13,33,1,26.61,5,3,0
S2204,9,20,2.3,15,4.3,2,1
S2205,9,22,1.13,23.38,4.25,2,3
S2206,4,10,1,9.05,2.33,2,0
S2207,2,19,1,14.4,5,3,3
S2208,11,27,1,16,4,1,0
S2209,12,23,1,36.64,4,1,0
S2210,5,17,1.25,11.02,4.75,1,0
S2211,8,34,1,28.36,4.5,2,4
S2212,15,24,1,28.86,2.75,8,2
S2213,12,27,1,24.55,4,0,0
S2214,11,22,1.33,12.53,4.67,8,1
S2215,7,8,1,8.9,5,1,0
S2216,21,24,1,18.23,3,3,0
S2217,15,23,1,35.78,3.5,2,2
S2218,4,17,1,7.75,4.5,0,0
S2219,14,14,3,14.85,5,3,0
S2220,3,16,1,24.83,5,2,0
S2221,4,20,2.25,9.51,5,2,0
S2222,6,14,1.22,17.09,3.78,0,1
S2223,13,25,1,14.95,5,4,0
S2224,8,24,1,17.59,5,0,0
S2225,11,17,1,16.22,5,1,1
S2226,12,26,1,18.45,3,0,0
S2227,16,21,1,19.73,5,0,0
S2228,10,23,1.09,15.53,4.45,3,2
S2229,6,23,1,25.01,4.33,1,1
S2230,6,25,2.45,17,2.73,0,2
S2231,14,22,2.43,12.31,4.29,2,0
S2232,16,35,1.5,26.9,1,6,0
S2233,11,24,1.06,26.12,3.88,4,3
S2234,8,27,1,15.41,5,2,0
S2235,10,29,1.25,15.24,4.5,2,0
S2236,21,26,1,21.93,4.5,4,2
S2237,14,26,1,15.04,4.5,3,0
S2238,14,29,1,46.58,4.67,1,0
S2239,8,15,2.67,9.89,1.5,1,0
S2240,9,21,1,12.82,4.67,4,2
S2241,13,26,1,23.91,4.89,1,2
S2242,13,24,1.1,23.14,4,2,3
S2243,18,26,1,21.23,5,1,0
S2244,20,21,1,17.88,3.2,2,3
S2245,3,18,1,10.96,5,3,0
S2246,16,28,1,28.88,5,1,0
S2247,6,18,1,13.51,4,1,0
S2248,11,25,1,15.1,5,3,0
S2249,18,28,1,23.23,4.6,1,3
S2250,11,22,1,42.69,3.5,4,3
S2251,10,19,1,17.85,3.5,2,1
S2252,20,28,1,49.77,4.25,1,3
S2253,20,34,2,17.71,2,1,1
S2254,7,27,1.2,13.28,4.3,1,1
S2255,19,20,2.27,43.9,3.18,1,3
S2256,12,24,1,20.03,4.67,1,0
S2257,12,24,1.14,103.8,3.29,7,4
S2258,9,23,1,133.87,5,0,2
S2259,15,16,1,42.94,5,10,0
S2260,5,23,1,15.27,5,2,0
S2261,9,7,1,48.12,5,1,0
S2262,6,12,1.33,12.15,3.67,0,1
S2263,8,23,1,126.5,4.67,1,4
S2264,5,18,1,11.16,2.5,1,1
S2265,24,31,1,22.38,5,2,0
S2266,21,21,1.5,19.35,5,2,1
S2267,7,20,1.5,25.14,3.83,1,3
S2268,25,23,1,16.79,5,2,0
S2269,13,30,1,28.55,4.5,2,0
S2270,5,21,1,15.66,5,0,0
S2271,11,17,1,15.02,4.5,2,0
S2272,5,13,1,10.41,3.33,5,0
S2273,7,24,1,19.81,5,2,1
S2274,13,39,1,19.06,5,2,2
S2275,18,33,1,14.04,4,6,1
S2276,6,21,1.7,13.73,5,1,3
S2277,17,23,1,21.27,3,2,3
S2278,4,17,1,16.21,5,0,0
S2279,15,16,2,14.64,2.5,1,0
S2280,17,28,1,19.77,5,0,0
S2281,7,53,1,8.72,5,0,0
S2282,7,30,1.25,14.16,5,2,0
S2283,13,35,1.17,18.48,3.83,2,0
S2284,13,31,1,25.15,4.4,1,3
S2285,18,11,1,7.39,1,4,0
S2286,11,26,1,32.27,3.5,2,1
S2287,10,25,1.78,23.35,4.78,1,2
S2288,12,25,1,16.86,4.33,4,0
S2289,17,26,1,19.15,4,2,0
S2290,7,23,2.89,21.39,3,4,2
S2291,4,10,1,18.75,4.8,2,2
S2292,5,13,1.38,23.01,4.13,1,3
S2293,3,13,1.5,3.91,3,2,0
S2294,7,19,1,20.25,5,3,1
S2295,8,26,1,17.05,4.75,2,0
S2296,9,15,1.4,26.59,4.8,1,3
S2297,12,27,1,28.8,5,1,0
S2298,9,24,1.14,28.36,5,1,3
S2299,12,37,1,39.36,3.36,2,3
S2300,9,33,2,0.75,1,2,0
S2301,16,23,1,14.55,5,57,0
S2302,18,21,1,12.93,3.67,2,0
S2303,9,27,1,38.83,4.4,1,0
S2304,9,19,1,11.83,4,1,0
S2305,7,21,1,19.04,3.5,1,0
S2306,13,31,1.25,46.19,2.5,7,3
S2307,8,19,1,38.52,5,3,0
S2308,10,18,1,17.48,4.33,1,0
S2309,8,17,1,10.15,4.6,2,0
S2310,10,29,1.5,12.07,1.5,4,0
S2311,20,23,1,51.85,1.33,2,3
S2312,13,19,1,18.7,5,1,0
S2313,5,5,1,8.52,5,2,0
S2314,12,27,1.33,168.53,3.67,2,3
S2315,12,24,1,23,5,1,0
S2316,10,23,1,20.01,2.5,1,1
S2317,19,30,1,75.33,5,1,1
S2318,18,29,1,16.98,5,0,0
S2319,15,32,2,15.9,5,3,1
S2320,9,26,1,20.46,4.4,2,0
S2321,6,10,1,8.29,1,2,0
S2322,10,24,1,18.49,4.25,2,2
S2323,16,22,1,15.08,4,4,2
S2324,10,18,1,14.15,4.67,1,0
S2325,11,21,1,26.3,3.82,1,3
S2326,5,15,1.25,14.53,4,4,0
S2327,6,20,1,12.74,5,3,0
S2328,10,33,1,19.72,3.67,2,0
S2329,15,20,1,12.69,1,2,0
S2330,6,18,1,11.48,5,2,0
S2331,4,8,1,7.64,4,4,0
S2332,28,26,1,18.89,1,6,0
S2333,6,17,1,11,5,1,0
S2334,7,22,1,11.03,5,1,0
S2335,10,30,1.8,15.83,3.2,1,0
S2336,23,23,1,14.48,2.33,1,0
S2337,16,16,1,74.4,4.8,2,3
S2338,4,10,1.17,11.04,4.5,1,0
S2339,4,12,1,9.15,4,3,1
S2340,14,28,1.5,21.49,5,2,0
S2341,10,25,1.25,16.32,3.63,2,1
S2342,7,16,1,17.55,5,1,0
S2343,12,23,1.14,24.77,4.43,1,3
S2344,22,25,1,16.14,5,8,0
S2345,12,30,1,20.44,4.5,2,0
S2346,7,9,1,17.16,4,0,0
S2347,10,27,1,143.78,3.67,1,4
S2348,14,24,1,11.85,5,1,0
S2349,11,18,1,37.72,4,4,1
S2350,6,19,1,18.11,4.5,2,0
S2351,25,22,1.33,14.66,1,2,0
S2352,11,17,1.43,10.65,2.86,0,1
S2353,14,23,1,15.1,5,2,0
S2354,13,13,1.33,12.86,3.67,0,0
S2355,11,21,1,17.14,5,1,0
S2356,28,39,1,27.27,2.33,1,2
S2357,11,25,2.88,29.07,5,2,1
S2358,10,21,1.33,26.21,2.67,1,2
S2359,12,31,1,101.56,4,2,1
S2360,8,20,1,19.48,4.5,2,3
S2361,14,29,1,37.64,5,3,1
S2362,6,14,1.14,24.58,5,0,1
S2363,13,21,1.33,17.6,4,1,0
S2364,18,29,1.25,59.05,2,1,2
S2365,10,19,1,11.69,5,2,0
S2366,12,29,1,23.29,4.75,5,1
S2367,40,24,1,21.99,2,6,2
S2368,19,24,1.2,27.63,3,1,3
S2369,14,23,1,14.1,5,2,0
S2370,8,22,1,23.5,5,3,1
S2371,12,26,1,15.23,5,2,0
S2372,5,11,1,11.22,5,1,1
S2373,8,21,1,13.19,4,2,0
S2374,22,39,1,21.3,1,1,0
S2375,17,21,1.54,36.57,4.85,2,4
S2376,7,12,1,26.82,4.67,3,3
S2377,8,22,1.17,19.52,4.17,1,1
S2378,8,15,1,18.65,5,2,0
S2379,9,31,1.29,20.62,5,1,1
S2380,7,27,1,14.52,5,1,0
S2381,12,32,1,30.16,4.67,1,1
S2382,7,15,1,51.55,5,1,1
S2383,6,17,1,28.09,4,3,1
S2384,13,27,1,27.45,4.6,3,1
S2385,38,34,1,43.5,1,6,3
S2386,4,12,1.25,8.39,4.75,0,2
S2387,10,21,1.14,14.96,4.57,3,1
S2388,16,51,1,16.37,5,1,0
S2389,15,30,1,37.35,5,0,0
S2390,6,15,1,16.3,4.6,2,1
S2391,6,19,1,18.83,3.67,2,2
S2392,11,22,1,20.83,4.78,1,2
S2393,7,20,1,19.61,4,1,0
S2394,14,23,1,14.75,4.67,2,0
S2395,7,22,1,20.83,4.75,1,1
S2396,6,11,1,14.66,4.8,1,2
S2397,16,24,1,14.52,3,1,0
S2398,26,23,1,22.28,4,1,2
S2399,5,12,1.33,17.65,4.5,2,2
S2400,14,28,1.67,21.63,3.93,2,3
S2401,14,17,1,18.24,5,0,0
S2402,13,21,1,17.86,3.78,3,1
S2403,12,21,1,19.93,4.4,2,2
S2404,37,28,1,19.66,3,0,0
S2405,8,17,1,12.64,3.67,1,0
S2406,7,22,1.33,13.64,4.83,1,2
S2407,14,25,1,121.15,5,2,2
S2408,13,18,1.43,64.89,4.29,4,3
S2409,17,26,1,37.2,2.67,2,1
S2410,11,31,1,45.95,5,2,1
S2411,12,11,1,18,5,1,0
S2412,9,25,1,16.51,5,1,2
S2413,12,26,1,34.57,5,2,0
S2414,8,4,1,8.32,2,1,0
S2415,8,19,1.5,11.44,3,3,0
S2416,20,34,1,17.7,3.67,1,1
S2417,16,26,1.14,34.29,4.14,0,1
S2418,10,40,1,23.54,3,0,0
S2419,21,25,1,17.66,5,3,0
S2420,6,9,1,22.95,5,2,0
S2421,24,24,1.4,122.06,1.4,2,3
S2422,6,15,1,11.93,5,0,0
S2423,6,17,1,12.79,5,1,0
S2424,13,31,1,105.44,4.5,3,3
S2425,10,26,1.09,14.69,3.73,3,1
S2426,7,24,1,13.18,5,1,0
S2427,7,23,1,44.82,5,1,2
S2428,27,28,1,42.38,5,3,0
S2429,9,19,1.27,52.86,4.64,7,4
S2430,33,42,1,8.72,5,5,0
S2431,4,17,2,15.23,5,4,0
S2432,21,24,1,16.23,4,2,0
S2433,10,27,1,42.87,3.4,1,2
S2434,9,23,1,14.29,4.5,3,0
S2435,6,9,1,8.91,5,3,0
S2436,13,15,1,24.36,2.5,2,1
S2437,17,27,1,24.61,3.57,1,1
S2438,6,12,1,14.04,5,1,1
S2439,14,34,1,19.28,5,2,0
S2440,30,42,1,22.81,4.33,6,2
S2441,17,23,2.5,23.84,5,4,0
S2442,6,21,1,47.31,3.33,1,2
S2443,9,19,1.33,10.56,4.67,1,0
S2444,11,22,2.38,12.64,4.38,0,1
S2445,12,32,1,21.33,4,2,0
S2446,17,26,1,17.1,4.5,2,0
S2447,8,18,1.14,14.08,4,0,1
S2448,15,39,1.33,33.64,4,1,0
S2449,17,24,1.3,48.43,2.4,5,3
S2450,8,18,1,16.14,4.2,3,2
S2451,2,12,3.5,7.46,5,3,0
S2452,6,22,1,25.49,5,1,0
S2453,10,25,1,13.03,4.5,1,0
S2454,6,23,1,14.17,5,2,0
S2455,6,18,1.75,10.9,3,2,0
S2456,-5,31,1,15.19,5,2,0
S2457,4,10,1,11.15,5,2,0
S2458,6,15,2,28.05,4.33,2,1
S2459,4,21,1,12.06,4,2,0
S2460,7,13,1,7.39,5,3,0
S2461,11,26,1,15.1,5,1,0
S2462,2,10,1,11.11,5,1,0
S2463,13,23,1,22.22,5,1,1
S2464,9,22,1,11.58,4,6,0
S2465,12,21,1,13,4.25,2,0
S2466,9,21,1.17,15.4,4.83,3,0
S2467,6,11,1.33,13,4.67,1,2
S2468,6,18,1,16.22,4,2,0
S2469,8,18,1,20.34,5,1,2
S2470,10,21,1,17.44,4.5,8,0
S2471,8,22,1,10.88,5,1,1
S2472,12,31,1.11,22.03,4.11,2,2
S2473,13,22,1,12.99,5,3,0
S2474,18,49,1,58.62,3.5,1,4
S2475,10,21,1,17.21,4.75,2,0
S2476,13,16,1,43.71,5,0,0
S2477,12,19,1,7.78,4,0,0
S2478,8,29,1.38,22.45,4.63,3,2
S2479,14,32,2.38,25.69,4.13,3,3
S2480,26,19,1,66.15,4,3,2
S2481,5,14,1,9.11,3.5,2,0
S2482,10,29,1,20.55,4.5,1,0
S2483,30,45,1,28.8,5,1,2
S2484,33,17,1,22.86,1,0,3
S2485,17,22,1.6,20.52,3.6,2,2
S2486,8,30,1,22.19,5,3,2
S2487,5,12,1,15.81,4.25,2,1
S2488,16,29,1.2,19.25,4.8,3,1
S2489,7,12,1,10.13,4,1,0
S2490,6,19,1,7.87,5,4,0
S2491,5,18,1,9.59,4.8,1,1
S2492,8,23,1,53.47,5,2,3
S2493,6,16,1,16.25,4.8,2,3
S2494,10,30,1,25.97,5,3,1
S2495,11,23,1,27.64,5,1,0
S2496,6,12,1,15.51,5,0,0
S2497,10,24,1.09,25.68,4,1,2
S2498,21,29,1,17.09,5,4,0
S2499,9,14,1,52.19,4.5,2,0
S2500,11,27,1,14.77,5,1,0
S2501,17,22,1.33,14.56,2.33,3,0
S2502,6,23,1,24.92,5,1,1
S2503,19,28,1,16.17,2.5,4,0
S2504,15,33,1,14.17,4,1,0
S2505,9,20,1,12.36,2.5,3,0
S2506,3,34,1,21.93,5,4,0
S2507,7,24,1,47.77,5,2,3
S2508,12,26,1,50.62,5,0,2
S2509,6,14,1,64.17,5,2,1
S2510,35,32,1,18.05,3,0,0
S2511,12,26,1.1,20.74,4.3,2,3
S2512,6,18,1,12.79,5,2,0
S2513,6,20,1,16.32,5,1,0
S2514,9,17,1.1,15,4.5,2,1
S2515,24,34,1,19.53,5,4,0
S2516,6,15,1,13.08,5,4,0
S2517,14,17,1.5,18.23,5,0,0
S2518,7,20,1,10.94,4.5,9,0
S2519,19,21,2,14.61,4,2,0
S2520,20,22,1,17.01,3.5,14,0
S2521,17,23,1,19.33,5,0,0
S2522,15,23,1,23.27,5,5,1
S2523,9,35,1,102.57,5,0,0
S2524,9,22,1,43.37,5,2,0
S2525,8,17,1,58.92,5,0,0
S2526,9,16,1,9.94,5,1,0
S2527,8,24,1.29,26.21,3.86,1,2
S2528,11,29,1,16.49,5,0,0
S2529,8,18,1.5,11.74,4.67,1,0
S2530,13,19,1.33,9.3,3,0,0
S2531,7,25,1,60.65,5,2,1
S2532,9,22,1,24.41,4.67,1,2
S2533,10,24,1,27.82,5,4,0
S2534,13,28,1,85.75,5,3,0
S2535,22,31,1,14.29,5,0,0
S2536,33,23,1,21.3,1,1,0
S2537,6,24,1,16.21,4,1,0
S2538,4,12,1,16.07,5,1,0
S2539,7,28,1,15.73,5,0,0
S2540,13,21,1,18.27,5,2,0
S2541,5,12,1,14.08,5,3,0
S2542,4,15,1,7.78,4,1,0
S2543,11,27,1,14.42,3,0,0
S2544,8,23,1.2,18,3.2,2,0
S2545,6,15,1,17.26,3,1,0
S2546,5,8,1,27.27,5,0,0
S2547,17,23,1,18.59,3.75,8,1
S2548,14,27,1,43.03,2.5,6,0
S2549,12,23,1.5,16.75,5,2,2
S2550,20,23,1,71.08,4.5,3,3
S2551,21,39,1.14,21.33,4.86,5,3
S2552,14,31,1,17.81,1,2,0
S2553,7,17,1,11.3,4,3,0
S2554,9,23,1,23.78,4.5,2,1
S2555,8,31,1.5,22.86,4,1,0
S2556,7,25,2.88,19.44,2.75,0,1
S2557,2,8,1.5,8.92,5,1,0
S2558,19,26,1,17.91,4.67,2,1
S2559,14,25,1.57,29.86,4.86,3,0
S2560,2,12,1,8.11,5,2,0
S2561,12,21,1,12.4,3.67,1,0
S2562,8,20,2.91,9.29,5,1,1
S2563,9,22,1,15.1,4,1,0
S2564,5,8,1,13.91,4.33,2,1
S2565,20,26,1,19.24,4.33,1,1
S2566,27,36,1,58.53,4,1,3
S2567,8,23,1,17.34,3.67,22,0
S2568,9,17,1,11.8,4.33,2,1
S2569,6,21,1,14.36,4.5,1,2
S2570,8,15,1.33,18.67,4.67,2,0
S2571,10,18,1.25,16.27,4.25,0,2
S2572,7,20,1,17.81,5,2,0
S2573,24,25,1,38.96,4,1,0
S2574,9,14,1,41.99,5,1,0
S2575,8,10,1,16.34,5,3,0
S2576,13,25,1.25,24.41,4.25,0,1
S2577,11,14,1,12.98,3,1,0
S2578,5,22,1,20.1,3,1,0
S2579,9,11,1,14.62,4.67,2,1
S2580,33,33,1,16.79,2,5,0
S2581,6,20,1,39.67,3.67,3,1
S2582,29,35,1,20.76,3,1,0
S2583,15,26,1,35.02,4.6,2,3
S2584,5,15,1,13.12,3,0,0
S2585,17,24,1,15.32,3,2,0
S2586,13,16,1,23.52,4,2,2
S2587,2,13,1,13.94,5,1,0
S2588,18,36,3,26.5,4.75,2,2
S2589,6,26,1,15.79,5,0,0
S2590,12,24,2.5,185.78,4.5,2,3
S2591,14,28,1,20.51,3.67,4,0
S2592,4,14,1,8.11,5,2,0
S2593,19,20,1,33.92,3,1,0
S2594,12,22,1.5,71.72,5,1,1
S2595,4,17,1.5,8.72,5,1,0
S2596,27,22,1,19.21,1,5,0
S2597,6,22,1,15.1,4,0,0
S2598,14,13,2,8.06,1.5,3,0
S2599,8,18,1.5,14.44,5,3,0
S2600,25,23,1,19.82,1,0,0
S2601,9,17,1,131.85,5,6,1
S2602,6,15,1,18.83,5,2,2
S2603,16,50,1,17.47,5,0,0
S2604,10,24,1.33,26.42,4.67,12,1
S2605,7,19,1.25,14.46,5,3,0
S2606,11,20,1.5,22.25,5,0,0
S2607,11,29,1,13.88,4,2,2
S2608,12,40,1,13.33,4.33,1,0
S2609,6,27,1,16.31,5,1,0
S2610,11,18,1,19.84,1,1,0
S2611,10,19,1,43.6,5,1,1
S2612,6,12,1,7.87,5,0,0
S2613,6,21,1,19.32,5,2,0
S2614,15,35,1,18.25,5,0,0
S2615,15,26,1,25.77,5,3,0
S2616,15,23,1,20.49,4.5,1,2
S2617,15,24,1,20.18,3,1,2
S2618,7,21,1,24.06,5,0,0
S2619,26,36,1,52.81,2.5,1,2
S2620,6,19,1,19.55,5,5,0
S2621,17,32,1,34.48,5,1,3
S2622,37,23,1,16.05,1,0,0
S2623,21,32,1,26.52,4,3,0
S2624,18,13,1,8.05,1,0,0
S2625,10,25,1,16.93,4.5,2,0
S2626,9,16,2.18,12.3,3.55,2,0
S2627,5,19,1,15.29,5,3,0
S2628,5,27,1,22.36,5,0,0
S2629,6,17,1.33,19.62,4.67,0,0
S2630,12,22,1,26.55,4.67,1,1
S2631,2,8,1,7.49,4,1,0
S2632,3,9,1,7.43,4.5,2,0
S2633,7,29,1.5,18.94,5,3,0
S2634,13,36,1,18.73,4,4,0
S2635,8,29,1,13.85,4.5,4,0
S2636,7,16,1,11.35,5,1,0
S2637,4,30,1,18.23,5,2,0
S2638,9,22,1,14.17,3.67,2,0
S2639,7,14,1,48.71,4,1,1
S2640,19,27,1.33,29.13,4.67,1,0
S2641,24,35,1,17.19,4,1,0
S2642,9,18,1,308.34,4.33,2,4
S2643,8,20,1,19.55,5,0,0
S2644,10,31,1,15.5,4,1,0
S2645,19,31,1.5,15.56,5,2,0
S2646,8,18,1,8.88,5,2,0
S2647,19,30,1,14.52,3,1,0
S2648,10,10,1,15.68,1,7,0
S2649,8,18,1,12.66,5,0,0
S2650,14,26,1,12.26,3,1,0
S2651,6,19,1,43,4.4,3,3
S2652,14,26,1,15.11,3,2,0
S2653,5,15,1.17,15.77,4.83,2,1
S2654,10,27,1,23.64,5,2,0
S2655,9,14,1,7.88,5,2,0
S2656,5,13,1,9.94,5,1,0
S2657,11,33,1.33,28.02,1.67,5,0
S2658,6,20,1,45.4,4,0,0
S2659,9,23,1,45.07,5,1,1
S2660,3,7,1,8.29,4,0,0
S2661,7,20,1,19.6,5,2,0
S2662,23,22,1,20.82,3.33,2,0
S2663,4,11,1,8.43,5,1,0
S2664,14,27,1,24.16,3.67,3,2
S2665,10,23,1,41.29,5,0,0
S2666,6,43,1,27.05,5,2,0
S2667,9,25,1,16.32,4.8,2,0
S2668,26,34,1,22.26,4,4,3
S2669,10,24,1,16.39,5,0,0
S2670,21,35,1,62.71,5,0,2
S2671,4,18,1,12.79,5,1,0
S2672,12,27,1,19.49,5,1,0
S2673,6,22,1,13.05,4.5,5,0
S2674,12,28,1.33,17.66,4.33,1,0
S2675,32,20,1,17.06,1,2,0
S2676,13,26,1,20.75,5,0,0
S2677,13,32,1,132.95,4,2,2
S2678,11,25,1.25,29.8,4.75,1,0
S2679,11,19,1,11.27,4.5,2,0
S2680,9,25,1,16.44,4.25,2,1
S2681,12,19,1,12.54,4,2,0
S2682,3,7,3.5,13.64,5,3,2
S2683,7,23,1,24.52,4.71,3,1
S2684,10,25,1,15.1,5,3,0
S2685,5,17,1,12.26,4.5,4,0
S2686,16,25,1.43,165.44,2.43,1,3
S2687,9,35,1,19.98,4.5,1,1
S2688,6,12,1,18,5,1,0
S2689,30,22,1,16.41,1,2,0
S2690,6,15,1,15.74,5,3,0
S2691,18,11,1,77.47,5,0,0
S2692,10,25,1.33,29.13,3.67,1,0
S2693,6,18,1,15.28,5,1,0
S2694,16,34,1,49.46,4.25,2,3
S2695,12,13,1,21.49,4,0,0
S2696,7,31,1,18.99,5,3,0
S2697,14,31,2.2,13.65,3.4,8,0
S2698,3,11,1,8.37,5,1,0
S2699,6,24,1,20.9,2,1,0
S2700,6,11,1,10.82,4.5,8,0
S2701,9,27,1.5,37.2,4.5,0,0
S2702,21,7,1.5,15.1,2,3,0
S2703,11,53,1,8.72,4,2,0
S2704,13,23,1,19.14,5,1,0
S2705,18,27,1,18.01,2.33,13,1
S2706,12,17,1,19.33,5,3,2
S2707,21,30,1.33,58.78,5,3,1
S2708,25,51,1,108.96,1,0,2
S2709,11,15,1.33,11.53,3.33,5,0
S2710,3,29,1,39.72,5,0,3
S2711,9,20,1,13.17,5,1,0
S2712,12,31,1.43,20.11,4.14,3,2
S2713,16,24,1,47.24,5,4,2
S2714,11,20,1,21.91,5,1,1
S2715,17,27,1,17.59,4.67,2,1
S2716,6,12,1,84.3,4,1,4
S2717,7,23,1.25,16.79,3.75,3,0
S2718,1,8,1,7.42,5,2,0
S2719,5,24,1,13.39,4.67,5,0
S2720,14,17,1.25,14.93,3.5,1,0
S2721,8,13,1.33,34.82,4.33,1,3
S2722,9,13,1,18.4,5,1,0
S2723,12,25,1,11.03,3.5,4,0
S2724,10,43,1.25,23.76,4.75,5,0
S2725,5,9,1,14.27,4.75,2,0
S2726,9,20,1,21.73,5,4,1
S2727,11,19,1,19.04,4,1,0
S2728,7,31,1,33.72,5,1,1
S2729,11,19,1,14.13,5,2,0
S2730,6,26,1.33,21.3,5,4,0
S2731,9,18,1,15.98,4.5,2,3
S2732,7,16,1,21.68,4.5,1,2
S2733,7,19,1,15.58,5,1,3
S2734,7,18,1,58.9,1,3,0
S2735,4,35,1,29,5,6,2
S2736,10,17,1,25.14,4.5,4,1
S2737,11,26,1,15.1,5,1,0
S2738,6,28,1,16.33,5,1,1
S2739,14,21,1,35.48,4,2,0
S2740,11,31,2,15.1,5,5,0
S2741,17,31,1,14.46,2,1,0
S2742,10,19,1.5,20.74,1,1,0
S2743,7,33,1,21.71,5,2,1
S2744,53,47,1,26.96,1,0,0
S2745,21,28,1,97.78,2,3,2
S2746,14,28,1,16.03,4.67,7,0
S2747,8,25,1,27.07,4.2,5,3
S2748,17,39,1,20.97,4,2,0
S2749,25,35,1,61.27,5,1,0
S2750,8,31,1.25,14.67,4.5,3,0
S2751,26,27,1,72.93,2.5,6,4
S2752,2,25,1,10.96,5,1,0
S2753,5,19,1,11.85,5,3,0
S2754,7,28,1,15.56,5,0,0
S2755,23,1,1,15.1,5,2,0
S2756,2,7,1,9.18,3,3,0
S2757,12,12,1,37.66,5,1,3
S2758,24,31,1,43.41,5,0,0
S2759,22,26,1,14.66,3.25,1,0
S2760,45,21,1,17.7,1,2,0
S2761,23,33,1,23.72,4.5,2,1
S2762,35,33,1,16.14,4,1,0
S2763,22,24,2,17.06,1,0,0
S2764,18,32,1,18.02,5,0,0
S2765,14,28,1,10.96,5,2,0
S2766,10,24,1,18.44,5,1,0
S2767,14,10,1,13.4,4,3,0
S2768,15,36,1,17.73,4,18,0
S2769,13,33,1,15.1,5,1,0
S2770,42,59,1,10.96,5,0,0
S2771,14,23,2.5,17.63,1,1,0
S2772,4,13,1,9.11,5,1,0
S2773,7,13,1,8.29,5,6,0
S2774,5,13,1,18.28,5,5,0
S2775,6,23,1,34.2,5,5,0
S2776,13,30,1,30.05,2,1,0
S2777,10,15,1,53.67,3,2,0
S2778,28,23,1,17.85,1,1,0
S2779,9,19,1.25,20.23,2.75,1,3
S2780,17,33,1,21,5,3,0
S2781,33,18,1,105.12,1,0,3
S2782,12,19,1,17.69,1,1,2
S2783,11,21,1,17.93,2,3,0
S2784,8,25,1.5,50.41,4,0,1
S2785,8,28,1,17.78,3,3,0
S2786,14,33,1,19.07,4,1,0
S2787,10,2,1,14.52,5,3,0
S2788,5,16,1,12.14,5,2,0
S2789,23,24,1,45.43,3.5,1,1
S2790,16,18,1.86,71.4,3.14,1,2
S2791,4,17,1,14.74,5,0,0
S2792,7,35,1,32.86,5,0,0
S2793,8,19,1,11.61,5,3,0
S2794,14,24,1,18.13,4,2,1
S2795,8,29,1,14.52,5,1,0
S2796,5,13,1.33,11.34,3.67,6,0
S2797,16,31,2,15.79,5,1,0
S2798,6,13,1,8.51,4.5,2,0
S2799,14,19,1,17.91,4,2,0
S2800,13,55,4,8.79,2,0,0
S2801,10,25,1,17.88,5,2,0
S2802,9,5,1,14.43,5,1,0
S2803,10,21,1.25,17.38,3.75,2,1
S2804,6,8,1.5,9.02,5,10,0
S2805,2,11,1,9.74,4.5,7,0
S2806,5,15,1,11.4,5,2,1
S2807,7,24,2,27.41,4,1,1
S2808,10,29,1,21.67,5,0,1
S2809,25,27,1.5,41.28,1,0,2
S2810,14,20,1,15.12,4,1,0
S2811,8,8,1,23.4,4,1,0
S2812,11,20,1,17.15,3,0,0
S2813,5,52,1,12.41,5,1,0
S2814,2,17,1,8.11,5,4,0
S2815,6,23,1,24.82,5,1,2
S2816,8,28,1,14.52,5,4,0
S2817,11,45,1,17.33,4,0,0
S2818,13,29,1,34.4,5,1,0
S2819,18,53,1,14.12,5,0,0
S2820,26,27,1,17.62,3,1,0
S2821,8,30,2.43,16.62,4.86,1,0
S2822,9,28,2.33,12.87,3.22,3,1
S2823,5,28,1,16.52,5,8,0
S2824,7,23,1,31.2,5,5,0
S2825,19,29,1,14.52,5,2,0
S2826,8,33,1,18.23,4,0,0
S2827,4,17,1,18.23,5,3,0
S2828,34,31,1,21.31,1,0,0
S2829,12,26,1,60.04,5,1,3
S2830,12,42,1,11.76,3,3,0
S2831,9,22,1,27.48,3,1,0
S2832,18,22,1.75,19.24,4.5,1,1
S2833,33,31,1,25.17,3,2,0
S2834,10,19,1,17.67,4.75,2,1
S2835,4,10,1,12.14,5,1,0
S2836,13,15,1,18.31,4,17,0
S2837,16,31,1,17,5,0,0
S2838,14,27,1,101.7,5,0,3
S2839,12,15,1,32.61,4,1,0
S2840,6,30,1,19.91,5,1,0
S2841,45,32,1,14.52,1,2,0
S2842,3,11,1.5,12.28,3,2,0
S2843,5,22,1,41.42,5,1,0
S2844,23,17,1,37.71,2,7,0
S2845,17,22,1,16.74,1,1,0
S2846,13,22,1,16.19,3,1,0
S2847,16,28,1,17.21,4,2,0
S2848,7,20,1,17.51,5,3,1
S2849,10,18,1,28.58,3,0,2
S2850,5,21,1,12.97,5,24,0
S2851,25,54,1,16.8,3,6,1
S2852,15,20,1,22.13,5,3,0
S2853,19,35,1,57.21,4,3,0
S2854,10,30,1,65.35,5,1,3
S2855,9,19,1,12.08,5,1,0
S2856,16,32,1,83.08,4.5,2,1
S2857,15,34,1,18.82,5,5,0
S2858,5,21,1,12.69,1,8,0
S2859,11,25,1,16.11,5,1,0
S2860,15,32,1,56.33,4,2,1
S2861,13,45,1,27.02,5,2,0
S2862,17,24,1,15.35,5,0,0
S2863,8,16,1,13.78,5,8,0
S2864,5,26,1,24,5,5,0
S2865,5,19,1,8.93,4,1,0
S2866,15,28,1,18.23,5,1,0
S2867,6,12,5,9,1,1,0
S2868,8,26,1,15.57,5,2,0
S2869,12,15,1,13.35,4,1,0
S2870,10,23,1,67.57,5,0,1
S2871,8,17,1,15.23,5,0,0
S2872,10,27,1.33,14.88,5,0,0
S2873,9,55,1,14.52,5,0,0
S2874,12,29,1,20.01,5,2,0
S2875,5,18,1,7.68,5,1,0
S2876,7,33,1,64.77,5,1,0
S2877,11,20,1,23.73,5,1,0
S2878,4,13,1,11.78,5,0,0
S2879,13,32,1,62.77,5,3,0
S2880,18,22,1,52.38,5,4,3
S2881,4,7,1,8.39,5,1,0
S2882,14,28,1,19.85,3,2,0
S2883,13,36,1,22.21,2,6,0
S2884,21,23,1,14.52,5,1,0
S2885,19,24,1,21.75,5,0,0
S2886,12,22,1,17.14,5,0,0
S2887,13,24,1,20.84,5,1,0
S2888,8,16,1,19.74,5,5,0
S2889,6,20,1,11.52,5,1,0
S2890,4,9,1.5,11.18,3,1,0
S2891,12,30,1,24.83,1,1,0
S2892,5,19,1,10.96,5,2,0
S2893,7,16,1,24.84,5,0,0
S2894,24,18,1,18.9,5,4,0
S2895,10,24,1,25.07,5,4,3
S2896,6,13,1,29.38,5,0,1
S2897,3,14,1,13.51,5,3,0
S2898,12,7,1,8.48,5,2,0
S2899,15,15,1.5,37.38,5,0,3
S2900,16,39,2,23.45,3,3,0
S2901,10,31,1,16.76,5,1,0
S2902,7,14,1,68.56,5,4,1
S2903,18,35,1,34.71,5,7,0
S2904,17,24,1,14.76,4.5,4,0
S2905,5,22,1,12.48,5,1,0
S2906,21,39,1,32.26,4,1,0
S2907,7,12,1,9.14,5,2,0
S2908,3,32,1,35.34,5,0,0
S2909,1,14,1,7.78,4,1,0
S2910,32,19,1,14.37,1,3,0
S2911,6,21,1,17.42,3.33,1,1
S2912,10,30,1,18.3,5,3,0
S2913,9,29,1,18.66,5,0,0
S2914,11,8,1,18.63,5,0,0
S2915,11,27,1,21.02,3.67,1,3
S2916,6,31,1,63.9,5,1,0
S2917,6,17,1,11.84,5,1,0
S2918,7,13,1,9.41,5,5,0
S2919,1,8,1,7.55,5,0,0
S2920,3,17,1,13.62,5,0,0
S2921,5,25,1,50.98,5,1,0
S2922,18,25,1,18.14,4,5,0
S2923,8,18,1,26.37,5,7,1
S2924,9,30,1,20.69,3,3,1
S2925,5,17,1,18.38,5,1,0
S2926,13,24,1,15.38,5,0,0
S2927,13,37,1,40.34,5,1,0
S2928,10,32,1,13.99,1,2,0
S2929,8,19,1,12.45,5,1,0
S2930,7,35,1,27.69,5,2,0
S2931,6,21,1,17.07,3,4,0
S2932,4,17,2,13.55,5,1,0
S2933,12,23,1,14.1,5,1,0
S2934,35,31,1,25.7,1,3,0
S2935,6,13,1,7.39,5,0,0
S2936,9,21,1,19.32,5,11,0
S2937,25,22,1.5,15.75,1,1,1
S2938,7,27,1.5,28.3,5,7,0
S2939,15,32,1,35.84,3,1,1
S2940,6,19,1,16.11,2,3,0
S2941,19,34,1.5,15.63,5,1,0
S2942,9,26,1,20.09,5,2,1
S2943,24,20,1,11.89,3,0,0
S2944,8,22,1,14.52,4,2,0
S2945,11,25,1,22.76,4,4,1
S2946,8,13,1,17.82,5,3,2
S2947,6,47,1,17.78,1,0,0
S2948,21,17,1,24.12,4,3,0
S2949,7,31,1,19.32,5,2,0
S2950,13,36,1,57.12,5,1,1
S2951,7,8,1,15.36,5,0,0
S2952,14,41,1,26.44,4,1,0
S2953,23,27,1,22.45,5,3,0
S2954,14,27,1,10.96,5,8,0
S2955,6,25,1,14.1,5,0,0
S2956,37,21,1,18.87,1,0,0
S2957,13,27,2.67,14.1,1.67,1,0
S2958,14,6,1,27.08,5,2,0
S2959,20,28,1,12.69,5,4,0
S2960,19,35,1,18.92,5,1,1
S2961,16,25,1,10.96,3,0,0
S2962,22,24,1,15.11,4,6,0
S2963,7,19,1.5,11.41,5,1,0
S2964,11,18,1,27.07,5,2,0
S2965,21,1,1,37.55,5,1,0
S2966,12,39,1,39.02,4,1,3
S2967,7,25,1,15.47,5,2,0
S2968,12,26,1,22.28,5,1,0
S2969,10,23,1,88.46,5,0,0
S2970,35,28,1,31.93,1,2,0